path,owner,classification,notes
.assetsignore,Platform/App Shell,Entry/Deploy,"Global entry, service worker or deployment configuration"
00_UNBEDINGT_IMMER_LESEN_PLACES_ARCHITEKTUR.md,Documentation/Release History,Documentation,Historical release/test/deployment artifact unless specifically scoped
APPLE-HEALTH-SCHRITTE.txt,Documentation/Release History,Documentation,Historical release/test/deployment artifact unless specifically scoped
ARCHITECTURE-AI-MEMORY-BRIDGE-v13.28.2.md,Documentation/Release History,Documentation,Historical release/test/deployment artifact unless specifically scoped
ARCHITECTURE-MEDIA-READINESS-v13.27.5.md,Documentation/Release History,Documentation,Historical release/test/deployment artifact unless specifically scoped
ARCHITECTURE-PRODUCT-FOCUS-v13.25.0.md,Documentation/Release History,Documentation,Historical release/test/deployment artifact unless specifically scoped
ARCHITECTURE-SMART-PHOTO-FOUNDATION-v13.28.0.md,Documentation/Release History,Documentation,Historical release/test/deployment artifact unless specifically scoped
ARCHITECTURE-v10.0.0.md,Documentation/Release History,Documentation,Historical release/test/deployment artifact unless specifically scoped
AUDIO-LIZENZ.txt,Documentation/Release History,Documentation,Historical release/test/deployment artifact unless specifically scoped
AUDIT-EVENTS-REQUESTS-v13.27.5.md,Documentation/Release History,Documentation,Historical release/test/deployment artifact unless specifically scoped
AUDIT-LEGACY-PATHS-v13.27.5.md,Documentation/Release History,Documentation,Historical release/test/deployment artifact unless specifically scoped
AUDIT-v11.5.1.md,Documentation/Release History,Documentation,Historical release/test/deployment artifact unless specifically scoped
BOOKING-CONTACT-RESOLVER-DEPLOY.md,Documentation/Release History,Documentation,Historical release/test/deployment artifact unless specifically scoped
BOOKING-CORE-PRODUCTION-DEPLOY.md,Documentation/Release History,Documentation,Historical release/test/deployment artifact unless specifically scoped
BOOKING-PROVIDER-CAPABILITY-STATUS-SMOKE.sql,Documentation/Release History,Documentation,Historical release/test/deployment artifact unless specifically scoped
BOOKING-PROVIDER-ROUTING-V1-DEPLOY.md,Documentation/Release History,Documentation,Historical release/test/deployment artifact unless specifically scoped
CHANGED-FILES-v13.0.4.2.txt,Documentation/Release History,Documentation,Historical release/test/deployment artifact unless specifically scoped
CHANGED-FILES-v13.0.4.5.txt,Documentation/Release History,Documentation,Historical release/test/deployment artifact unless specifically scoped
CHANGED-FILES-v13.0.4.6.txt,Documentation/Release History,Documentation,Historical release/test/deployment artifact unless specifically scoped
CHANGED-FILES-v13.0.4.txt,Documentation/Release History,Documentation,Historical release/test/deployment artifact unless specifically scoped
CHANGED-FILES-v13.1.1.2.txt,Documentation/Release History,Documentation,Historical release/test/deployment artifact unless specifically scoped
CHANGED-FILES-v13.1.2.txt,Documentation/Release History,Documentation,Historical release/test/deployment artifact unless specifically scoped
CHANGED-FILES-v13.1.3.1.txt,Documentation/Release History,Documentation,Historical release/test/deployment artifact unless specifically scoped
CHANGED-FILES-v13.1.3.10.txt,Documentation/Release History,Documentation,Historical release/test/deployment artifact unless specifically scoped
CHANGED-FILES-v13.1.3.11.txt,Documentation/Release History,Documentation,Historical release/test/deployment artifact unless specifically scoped
CHANGED-FILES-v13.1.3.12.txt,Documentation/Release History,Documentation,Historical release/test/deployment artifact unless specifically scoped
CHANGED-FILES-v13.1.3.13.txt,Documentation/Release History,Documentation,Historical release/test/deployment artifact unless specifically scoped
CHANGED-FILES-v13.1.3.2.txt,Documentation/Release History,Documentation,Historical release/test/deployment artifact unless specifically scoped
CHANGED-FILES-v13.1.3.3.txt,Documentation/Release History,Documentation,Historical release/test/deployment artifact unless specifically scoped
CHANGED-FILES-v13.1.3.4.txt,Documentation/Release History,Documentation,Historical release/test/deployment artifact unless specifically scoped
CHANGED-FILES-v13.1.3.5.txt,Documentation/Release History,Documentation,Historical release/test/deployment artifact unless specifically scoped
CHANGED-FILES-v13.1.3.6.txt,Documentation/Release History,Documentation,Historical release/test/deployment artifact unless specifically scoped
CHANGED-FILES-v13.1.3.7.txt,Documentation/Release History,Documentation,Historical release/test/deployment artifact unless specifically scoped
CHANGED-FILES-v13.1.3.8.txt,Documentation/Release History,Documentation,Historical release/test/deployment artifact unless specifically scoped
CHANGED-FILES-v13.1.3.9.txt,Documentation/Release History,Documentation,Historical release/test/deployment artifact unless specifically scoped
CHANGED-FILES-v13.10.0.txt,Documentation/Release History,Documentation,Historical release/test/deployment artifact unless specifically scoped
CHANGED-FILES-v13.14.0.txt,Documentation/Release History,Documentation,Historical release/test/deployment artifact unless specifically scoped
CHANGED-FILES-v13.15.0.txt,Documentation/Release History,Documentation,Historical release/test/deployment artifact unless specifically scoped
CHANGED-FILES-v13.16.0.txt,Documentation/Release History,Documentation,Historical release/test/deployment artifact unless specifically scoped
CHANGED-FILES-v13.16.1.txt,Documentation/Release History,Documentation,Historical release/test/deployment artifact unless specifically scoped
CHANGED-FILES-v13.16.2.txt,Documentation/Release History,Documentation,Historical release/test/deployment artifact unless specifically scoped
CHANGED-FILES-v13.17.0.txt,Documentation/Release History,Documentation,Historical release/test/deployment artifact unless specifically scoped
CHANGED-FILES-v13.18.0.txt,Documentation/Release History,Documentation,Historical release/test/deployment artifact unless specifically scoped
CHANGED-FILES-v13.2.0.1.txt,Documentation/Release History,Documentation,Historical release/test/deployment artifact unless specifically scoped
CHANGED-FILES-v13.2.0.2.txt,Documentation/Release History,Documentation,Historical release/test/deployment artifact unless specifically scoped
CHANGED-FILES-v13.2.0.txt,Documentation/Release History,Documentation,Historical release/test/deployment artifact unless specifically scoped
CHANGED-FILES-v13.20.1.txt,Documentation/Release History,Documentation,Historical release/test/deployment artifact unless specifically scoped
CHANGED-FILES-v13.21.0.txt,Documentation/Release History,Documentation,Historical release/test/deployment artifact unless specifically scoped
CHANGED-FILES-v13.22.0.txt,Documentation/Release History,Documentation,Historical release/test/deployment artifact unless specifically scoped
CHANGED-FILES-v13.22.1.txt,Documentation/Release History,Documentation,Historical release/test/deployment artifact unless specifically scoped
CHANGED-FILES-v13.23.0.txt,Documentation/Release History,Documentation,Historical release/test/deployment artifact unless specifically scoped
CHANGED-FILES-v13.25.0.txt,Documentation/Release History,Documentation,Historical release/test/deployment artifact unless specifically scoped
CHANGED-FILES-v13.27.0.txt,Documentation/Release History,Documentation,Historical release/test/deployment artifact unless specifically scoped
CHANGED-FILES-v13.27.1.txt,Documentation/Release History,Documentation,Historical release/test/deployment artifact unless specifically scoped
CHANGED-FILES-v13.27.2.txt,Documentation/Release History,Documentation,Historical release/test/deployment artifact unless specifically scoped
CHANGED-FILES-v13.27.3.txt,Documentation/Release History,Documentation,Historical release/test/deployment artifact unless specifically scoped
CHANGED-FILES-v13.27.5.1.txt,Documentation/Release History,Documentation,Historical release/test/deployment artifact unless specifically scoped
CHANGED-FILES-v13.27.5.txt,Documentation/Release History,Documentation,Historical release/test/deployment artifact unless specifically scoped
CHANGED-FILES-v13.28.0.txt,Documentation/Release History,Documentation,Historical release/test/deployment artifact unless specifically scoped
CHANGED-FILES-v13.28.1.txt,Documentation/Release History,Documentation,Historical release/test/deployment artifact unless specifically scoped
CHANGED-FILES-v13.28.5.1.txt,Documentation/Release History,Documentation,Historical release/test/deployment artifact unless specifically scoped
CHANGED-FILES-v13.28.5.2.txt,Documentation/Release History,Documentation,Historical release/test/deployment artifact unless specifically scoped
CHANGED-FILES-v13.28.5.3.txt,Documentation/Release History,Documentation,Historical release/test/deployment artifact unless specifically scoped
CHANGED-FILES-v13.28.6.2.txt,Documentation/Release History,Documentation,Historical release/test/deployment artifact unless specifically scoped
CHANGED-FILES-v13.28.6.4.txt,Documentation/Release History,Documentation,Historical release/test/deployment artifact unless specifically scoped
CHANGED-FILES-v13.28.6.5.txt,Documentation/Release History,Documentation,Historical release/test/deployment artifact unless specifically scoped
CHANGED-FILES-v13.28.6.7.txt,Documentation/Release History,Documentation,Historical release/test/deployment artifact unless specifically scoped
CHANGED-FILES-v13.28.6.8.txt,Documentation/Release History,Documentation,Historical release/test/deployment artifact unless specifically scoped
CHANGED-FILES-v13.28.6.txt,Documentation/Release History,Documentation,Historical release/test/deployment artifact unless specifically scoped
CHANGED-FILES-v13.28.7.txt,Documentation/Release History,Documentation,Historical release/test/deployment artifact unless specifically scoped
CHANGED-FILES-v13.29.0.1.txt,Documentation/Release History,Documentation,Historical release/test/deployment artifact unless specifically scoped
CHANGED-FILES-v13.29.0.2.txt,Documentation/Release History,Documentation,Historical release/test/deployment artifact unless specifically scoped
CHANGED-FILES-v13.29.1.txt,Documentation/Release History,Documentation,Historical release/test/deployment artifact unless specifically scoped
CHANGED-FILES-v13.29.2.1.txt,Documentation/Release History,Documentation,Historical release/test/deployment artifact unless specifically scoped
CHANGED-FILES-v13.29.2.txt,Documentation/Release History,Documentation,Historical release/test/deployment artifact unless specifically scoped
CHANGED-FILES-v13.29.3.txt,Documentation/Release History,Documentation,Historical release/test/deployment artifact unless specifically scoped
CHANGED-FILES-v13.29.4.txt,Documentation/Release History,Documentation,Historical release/test/deployment artifact unless specifically scoped
CHANGED-FILES-v13.3.0.1.txt,Documentation/Release History,Documentation,Historical release/test/deployment artifact unless specifically scoped
CHANGED-FILES-v13.3.0.2.txt,Documentation/Release History,Documentation,Historical release/test/deployment artifact unless specifically scoped
CHANGED-FILES-v13.3.0.3.txt,Documentation/Release History,Documentation,Historical release/test/deployment artifact unless specifically scoped
CHANGED-FILES-v13.3.0.4.txt,Documentation/Release History,Documentation,Historical release/test/deployment artifact unless specifically scoped
CHANGED-FILES-v13.3.0.txt,Documentation/Release History,Documentation,Historical release/test/deployment artifact unless specifically scoped
CHANGED-FILES-v13.3.1.1.txt,Documentation/Release History,Documentation,Historical release/test/deployment artifact unless specifically scoped
CHANGED-FILES-v13.3.1.2.txt,Documentation/Release History,Documentation,Historical release/test/deployment artifact unless specifically scoped
CHANGED-FILES-v13.3.1.txt,Documentation/Release History,Documentation,Historical release/test/deployment artifact unless specifically scoped
CHANGED-FILES-v13.3.2.1.txt,Documentation/Release History,Documentation,Historical release/test/deployment artifact unless specifically scoped
CHANGED-FILES-v13.3.2.txt,Documentation/Release History,Documentation,Historical release/test/deployment artifact unless specifically scoped
CHANGED-FILES-v13.3.3.1.txt,Documentation/Release History,Documentation,Historical release/test/deployment artifact unless specifically scoped
CHANGED-FILES-v13.3.3.txt,Documentation/Release History,Documentation,Historical release/test/deployment artifact unless specifically scoped
CHANGED-FILES-v13.30.0.txt,Documentation/Release History,Documentation,Historical release/test/deployment artifact unless specifically scoped
CHANGED-FILES-v13.30.1.txt,Documentation/Release History,Documentation,Historical release/test/deployment artifact unless specifically scoped
CHANGED-FILES-v13.31.0.txt,Documentation/Release History,Documentation,Historical release/test/deployment artifact unless specifically scoped
CHANGED-FILES-v13.32.0.txt,Documentation/Release History,Documentation,Historical release/test/deployment artifact unless specifically scoped
CHANGED-FILES-v13.34.0.txt,Documentation/Release History,Documentation,Historical release/test/deployment artifact unless specifically scoped
CHANGED-FILES-v13.34.1.txt,Documentation/Release History,Documentation,Historical release/test/deployment artifact unless specifically scoped
CHANGED-FILES-v13.35.0.txt,Documentation/Release History,Documentation,Historical release/test/deployment artifact unless specifically scoped
CHANGED-FILES-v13.36.0.txt,Documentation/Release History,Documentation,Historical release/test/deployment artifact unless specifically scoped
CHANGED-FILES-v13.36.1.txt,Documentation/Release History,Documentation,Historical release/test/deployment artifact unless specifically scoped
CHANGED-FILES-v13.36.10.txt,Documentation/Release History,Documentation,Historical release/test/deployment artifact unless specifically scoped
CHANGED-FILES-v13.36.11.txt,Documentation/Release History,Documentation,Historical release/test/deployment artifact unless specifically scoped
CHANGED-FILES-v13.36.2.txt,Documentation/Release History,Documentation,Historical release/test/deployment artifact unless specifically scoped
CHANGED-FILES-v13.36.3.txt,Documentation/Release History,Documentation,Historical release/test/deployment artifact unless specifically scoped
CHANGED-FILES-v13.36.4.txt,Documentation/Release History,Documentation,Historical release/test/deployment artifact unless specifically scoped
CHANGED-FILES-v13.36.5.txt,Documentation/Release History,Documentation,Historical release/test/deployment artifact unless specifically scoped
CHANGED-FILES-v13.36.6.txt,Documentation/Release History,Documentation,Historical release/test/deployment artifact unless specifically scoped
CHANGED-FILES-v13.36.7.txt,Documentation/Release History,Documentation,Historical release/test/deployment artifact unless specifically scoped
CHANGED-FILES-v13.36.8.txt,Documentation/Release History,Documentation,Historical release/test/deployment artifact unless specifically scoped
CHANGED-FILES-v13.36.9.txt,Documentation/Release History,Documentation,Historical release/test/deployment artifact unless specifically scoped
CHANGED-FILES-v13.37.0.txt,Documentation/Release History,Documentation,Historical release/test/deployment artifact unless specifically scoped
CHANGED-FILES-v13.37.1.txt,Documentation/Release History,Documentation,Historical release/test/deployment artifact unless specifically scoped
CHANGED-FILES-v13.37.2.txt,Documentation/Release History,Documentation,Historical release/test/deployment artifact unless specifically scoped
CHANGED-FILES-v13.37.3.txt,Documentation/Release History,Documentation,Historical release/test/deployment artifact unless specifically scoped
CHANGED-FILES-v13.37.4.txt,Documentation/Release History,Documentation,Historical release/test/deployment artifact unless specifically scoped
CHANGED-FILES-v13.37.5.txt,Documentation/Release History,Documentation,Historical release/test/deployment artifact unless specifically scoped
CHANGED-FILES-v13.37.6.txt,Documentation/Release History,Documentation,Historical release/test/deployment artifact unless specifically scoped
CHANGED-FILES-v13.37.7.txt,Documentation/Release History,Documentation,Historical release/test/deployment artifact unless specifically scoped
CHANGED-FILES-v13.38.0.txt,Documentation/Release History,Documentation,Historical release/test/deployment artifact unless specifically scoped
CHANGED-FILES-v13.38.1.txt,Documentation/Release History,Documentation,Historical release/test/deployment artifact unless specifically scoped
CHANGED-FILES-v13.38.2.txt,Documentation/Release History,Documentation,Historical release/test/deployment artifact unless specifically scoped
CHANGED-FILES-v13.38.3.txt,Documentation/Release History,Documentation,Historical release/test/deployment artifact unless specifically scoped
CHANGED-FILES-v13.38.4.txt,Documentation/Release History,Documentation,Historical release/test/deployment artifact unless specifically scoped
CHANGED-FILES-v13.39.1.md,Documentation/Release History,Documentation,Historical release/test/deployment artifact unless specifically scoped
CHANGED-FILES-v13.39.2.md,Documentation/Release History,Documentation,Historical release/test/deployment artifact unless specifically scoped
CHANGED-FILES-v13.39.3.md,Documentation/Release History,Documentation,Historical release/test/deployment artifact unless specifically scoped
CHANGED-FILES-v13.39.4.md,Documentation/Release History,Documentation,Historical release/test/deployment artifact unless specifically scoped
CHANGED-FILES-v13.4.0.txt,Documentation/Release History,Documentation,Historical release/test/deployment artifact unless specifically scoped
CHANGED-FILES-v13.4.1.txt,Documentation/Release History,Documentation,Historical release/test/deployment artifact unless specifically scoped
CHANGED-FILES-v13.4.2.txt,Documentation/Release History,Documentation,Historical release/test/deployment artifact unless specifically scoped
CHANGED-FILES-v13.4.3.txt,Documentation/Release History,Documentation,Historical release/test/deployment artifact unless specifically scoped
CHANGED-FILES-v13.4.4.1.txt,Documentation/Release History,Documentation,Historical release/test/deployment artifact unless specifically scoped
CHANGED-FILES-v13.4.4.txt,Documentation/Release History,Documentation,Historical release/test/deployment artifact unless specifically scoped
CHANGED-FILES-v13.4.5.txt,Documentation/Release History,Documentation,Historical release/test/deployment artifact unless specifically scoped
CHANGED-FILES-v13.4.6.1.txt,Documentation/Release History,Documentation,Historical release/test/deployment artifact unless specifically scoped
CHANGED-FILES-v13.4.6.2.txt,Documentation/Release History,Documentation,Historical release/test/deployment artifact unless specifically scoped
CHANGED-FILES-v13.4.6.3.txt,Documentation/Release History,Documentation,Historical release/test/deployment artifact unless specifically scoped
CHANGED-FILES-v13.4.6.4.txt,Documentation/Release History,Documentation,Historical release/test/deployment artifact unless specifically scoped
CHANGED-FILES-v13.4.6.5.txt,Documentation/Release History,Documentation,Historical release/test/deployment artifact unless specifically scoped
CHANGED-FILES-v13.4.6.txt,Documentation/Release History,Documentation,Historical release/test/deployment artifact unless specifically scoped
CHANGED-FILES-v13.40.0.txt,Documentation/Release History,Documentation,Historical release/test/deployment artifact unless specifically scoped
CHANGED-FILES-v13.43.0.txt,Documentation/Release History,Documentation,Historical release/test/deployment artifact unless specifically scoped
CHANGED-FILES-v13.44.0.txt,Documentation/Release History,Documentation,Historical release/test/deployment artifact unless specifically scoped
CHANGED-FILES-v13.45.0.txt,Documentation/Release History,Documentation,Historical release/test/deployment artifact unless specifically scoped
CHANGED-FILES-v13.45.1.txt,Documentation/Release History,Documentation,Historical release/test/deployment artifact unless specifically scoped
CHANGED-FILES-v13.46.0.txt,Documentation/Release History,Documentation,Historical release/test/deployment artifact unless specifically scoped
CHANGED-FILES-v13.47.0.txt,Documentation/Release History,Documentation,Historical release/test/deployment artifact unless specifically scoped
CHANGED-FILES-v13.5.0.1.txt,Documentation/Release History,Documentation,Historical release/test/deployment artifact unless specifically scoped
CHANGED-FILES-v13.5.0.txt,Documentation/Release History,Documentation,Historical release/test/deployment artifact unless specifically scoped
CHANGED-FILES-v13.5.1.1.txt,Documentation/Release History,Documentation,Historical release/test/deployment artifact unless specifically scoped
CHANGED-FILES-v13.5.1.2.txt,Documentation/Release History,Documentation,Historical release/test/deployment artifact unless specifically scoped
CHANGED-FILES-v13.5.1.3.txt,Documentation/Release History,Documentation,Historical release/test/deployment artifact unless specifically scoped
CHANGED-FILES-v13.5.1.4.txt,Documentation/Release History,Documentation,Historical release/test/deployment artifact unless specifically scoped
CHANGED-FILES-v13.5.1.5.txt,Documentation/Release History,Documentation,Historical release/test/deployment artifact unless specifically scoped
CHANGED-FILES-v13.5.1.txt,Documentation/Release History,Documentation,Historical release/test/deployment artifact unless specifically scoped
CHANGED-FILES-v13.5.2.1.txt,Documentation/Release History,Documentation,Historical release/test/deployment artifact unless specifically scoped
CHANGED-FILES-v13.5.2.2.txt,Documentation/Release History,Documentation,Historical release/test/deployment artifact unless specifically scoped
CHANGED-FILES-v13.5.2.3.txt,Documentation/Release History,Documentation,Historical release/test/deployment artifact unless specifically scoped
CHANGED-FILES-v13.5.2.4.txt,Documentation/Release History,Documentation,Historical release/test/deployment artifact unless specifically scoped
CHANGED-FILES-v13.5.2.txt,Documentation/Release History,Documentation,Historical release/test/deployment artifact unless specifically scoped
CHANGED-FILES-v13.5.3.txt,Documentation/Release History,Documentation,Historical release/test/deployment artifact unless specifically scoped
CHANGED-FILES-v13.5.4.txt,Documentation/Release History,Documentation,Historical release/test/deployment artifact unless specifically scoped
CHANGED-FILES-v13.5.5.txt,Documentation/Release History,Documentation,Historical release/test/deployment artifact unless specifically scoped
CHANGED-FILES-v13.5.6.txt,Documentation/Release History,Documentation,Historical release/test/deployment artifact unless specifically scoped
CHANGED-FILES-v13.51.0.txt,Documentation/Release History,Documentation,Historical release/test/deployment artifact unless specifically scoped
CHANGED-FILES-v13.52.0.txt,Documentation/Release History,Documentation,Historical release/test/deployment artifact unless specifically scoped
CHANGED-FILES-v13.53.0.txt,Documentation/Release History,Documentation,Historical release/test/deployment artifact unless specifically scoped
CHANGED-FILES-v13.54.0.txt,Documentation/Release History,Documentation,Historical release/test/deployment artifact unless specifically scoped
CHANGED-FILES-v13.54.1.txt,Documentation/Release History,Documentation,Historical release/test/deployment artifact unless specifically scoped
CHANGED-FILES-v13.54.2.txt,Documentation/Release History,Documentation,Historical release/test/deployment artifact unless specifically scoped
CHANGED-FILES-v13.54.3.txt,Documentation/Release History,Documentation,Historical release/test/deployment artifact unless specifically scoped
CHANGED-FILES-v13.54.4.txt,Documentation/Release History,Documentation,Historical release/test/deployment artifact unless specifically scoped
CHANGED-FILES-v13.55.0.txt,Documentation/Release History,Documentation,Historical release/test/deployment artifact unless specifically scoped
CHANGED-FILES-v13.56.0.txt,Documentation/Release History,Documentation,Historical release/test/deployment artifact unless specifically scoped
CHANGED-FILES-v13.57.0.txt,Documentation/Release History,Documentation,Historical release/test/deployment artifact unless specifically scoped
CHANGED-FILES-v13.58.0.txt,Documentation/Release History,Documentation,Historical release/test/deployment artifact unless specifically scoped
CHANGED-FILES-v13.59.0.txt,Documentation/Release History,Documentation,Historical release/test/deployment artifact unless specifically scoped
CHANGED-FILES-v13.6.0.txt,Documentation/Release History,Documentation,Historical release/test/deployment artifact unless specifically scoped
CHANGED-FILES-v13.6.1.txt,Documentation/Release History,Documentation,Historical release/test/deployment artifact unless specifically scoped
CHANGED-FILES-v13.6.10.txt,Documentation/Release History,Documentation,Historical release/test/deployment artifact unless specifically scoped
CHANGED-FILES-v13.6.11.txt,Documentation/Release History,Documentation,Historical release/test/deployment artifact unless specifically scoped
CHANGED-FILES-v13.6.2.txt,Documentation/Release History,Documentation,Historical release/test/deployment artifact unless specifically scoped
CHANGED-FILES-v13.6.3.txt,Documentation/Release History,Documentation,Historical release/test/deployment artifact unless specifically scoped
CHANGED-FILES-v13.6.4.txt,Documentation/Release History,Documentation,Historical release/test/deployment artifact unless specifically scoped
CHANGED-FILES-v13.6.5.txt,Documentation/Release History,Documentation,Historical release/test/deployment artifact unless specifically scoped
CHANGED-FILES-v13.6.7.txt,Documentation/Release History,Documentation,Historical release/test/deployment artifact unless specifically scoped
CHANGED-FILES-v13.6.8.txt,Documentation/Release History,Documentation,Historical release/test/deployment artifact unless specifically scoped
CHANGED-FILES-v13.6.9.txt,Documentation/Release History,Documentation,Historical release/test/deployment artifact unless specifically scoped
CHANGED-FILES-v13.60.0.txt,Documentation/Release History,Documentation,Historical release/test/deployment artifact unless specifically scoped
CHANGED-FILES-v13.61.0.txt,Documentation/Release History,Documentation,Historical release/test/deployment artifact unless specifically scoped
CHANGED-FILES-v13.61.1.txt,Documentation/Release History,Documentation,Historical release/test/deployment artifact unless specifically scoped
CHANGED-FILES-v13.61.2.txt,Documentation/Release History,Documentation,Historical release/test/deployment artifact unless specifically scoped
CHANGED-FILES-v13.62.0.txt,Documentation/Release History,Documentation,Historical release/test/deployment artifact unless specifically scoped
CHANGED-FILES-v13.63.0.txt,Documentation/Release History,Documentation,Historical release/test/deployment artifact unless specifically scoped
CHANGED-FILES-v13.63.1.txt,Documentation/Release History,Documentation,Historical release/test/deployment artifact unless specifically scoped
CHANGED-FILES-v13.64.0.md,Documentation/Release History,Documentation,Historical release/test/deployment artifact unless specifically scoped
CHANGED-FILES-v13.65.0.md,Documentation/Release History,Documentation,Historical release/test/deployment artifact unless specifically scoped
CHANGED-FILES-v13.68.0.md,Documentation/Release History,Documentation,Historical release/test/deployment artifact unless specifically scoped
CHANGED-FILES-v13.68.1.md,Documentation/Release History,Documentation,Historical release/test/deployment artifact unless specifically scoped
CHANGED-FILES-v13.68.10.md,Documentation/Release History,Documentation,Historical release/test/deployment artifact unless specifically scoped
CHANGED-FILES-v13.68.11.md,Documentation/Release History,Documentation,Historical release/test/deployment artifact unless specifically scoped
CHANGED-FILES-v13.68.2.md,Documentation/Release History,Documentation,Historical release/test/deployment artifact unless specifically scoped
CHANGED-FILES-v13.68.3.md,Documentation/Release History,Documentation,Historical release/test/deployment artifact unless specifically scoped
CHANGED-FILES-v13.68.4.md,Documentation/Release History,Documentation,Historical release/test/deployment artifact unless specifically scoped
CHANGED-FILES-v13.68.5.md,Documentation/Release History,Documentation,Historical release/test/deployment artifact unless specifically scoped
CHANGED-FILES-v13.68.6.md,Documentation/Release History,Documentation,Historical release/test/deployment artifact unless specifically scoped
CHANGED-FILES-v13.68.7.md,Documentation/Release History,Documentation,Historical release/test/deployment artifact unless specifically scoped
CHANGED-FILES-v13.68.8.md,Documentation/Release History,Documentation,Historical release/test/deployment artifact unless specifically scoped
CHANGED-FILES-v13.68.9.md,Documentation/Release History,Documentation,Historical release/test/deployment artifact unless specifically scoped
CHANGED-FILES-v13.69.0.md,Documentation/Release History,Documentation,Historical release/test/deployment artifact unless specifically scoped
CHANGED-FILES-v13.7.0.txt,Documentation/Release History,Documentation,Historical release/test/deployment artifact unless specifically scoped
CHANGED-FILES-v13.7.1.txt,Documentation/Release History,Documentation,Historical release/test/deployment artifact unless specifically scoped
CHANGED-FILES-v13.70.0.md,Documentation/Release History,Documentation,Historical release/test/deployment artifact unless specifically scoped
CHANGED-FILES-v13.70.1.md,Documentation/Release History,Documentation,Historical release/test/deployment artifact unless specifically scoped
CHANGED-FILES-v13.70.2.md,Documentation/Release History,Documentation,Historical release/test/deployment artifact unless specifically scoped
CHANGED-FILES-v13.71.0.md,Documentation/Release History,Documentation,Historical release/test/deployment artifact unless specifically scoped
CHANGED-FILES-v13.72.0.txt,Documentation/Release History,Documentation,Historical release/test/deployment artifact unless specifically scoped
CHANGED-FILES-v13.73.0.txt,Documentation/Release History,Documentation,Historical release/test/deployment artifact unless specifically scoped
CHANGED-FILES-v13.74.0.txt,Documentation/Release History,Documentation,Historical release/test/deployment artifact unless specifically scoped
CHANGED-FILES-v13.75.0.txt,Documentation/Release History,Documentation,Historical release/test/deployment artifact unless specifically scoped
CHANGED-FILES-v13.76.0.txt,Documentation/Release History,Documentation,Historical release/test/deployment artifact unless specifically scoped
CHANGED-FILES-v13.77.0.txt,Documentation/Release History,Documentation,Historical release/test/deployment artifact unless specifically scoped
CHANGED-FILES-v13.78.0.txt,Documentation/Release History,Documentation,Historical release/test/deployment artifact unless specifically scoped
CHANGED-FILES-v13.79.0.txt,Documentation/Release History,Documentation,Historical release/test/deployment artifact unless specifically scoped
CHANGED-FILES-v13.8.0.txt,Documentation/Release History,Documentation,Historical release/test/deployment artifact unless specifically scoped
CHANGED-FILES-v13.8.1.1.txt,Documentation/Release History,Documentation,Historical release/test/deployment artifact unless specifically scoped
CHANGED-FILES-v13.8.1.txt,Documentation/Release History,Documentation,Historical release/test/deployment artifact unless specifically scoped
CHANGED-FILES-v13.80.0.txt,Documentation/Release History,Documentation,Historical release/test/deployment artifact unless specifically scoped
CHANGED-FILES-v13.80.1.txt,Documentation/Release History,Documentation,Historical release/test/deployment artifact unless specifically scoped
CHANGED-FILES-v13.80.2.txt,Documentation/Release History,Documentation,Historical release/test/deployment artifact unless specifically scoped
CHANGED-FILES-v13.80.3.txt,Documentation/Release History,Documentation,Historical release/test/deployment artifact unless specifically scoped
CHANGED-FILES-v13.81.0.txt,Documentation/Release History,Documentation,Historical release/test/deployment artifact unless specifically scoped
CHANGED-FILES-v13.81.1.txt,Documentation/Release History,Documentation,Historical release/test/deployment artifact unless specifically scoped
CHANGED-FILES-v13.81.2.txt,Documentation/Release History,Documentation,Historical release/test/deployment artifact unless specifically scoped
CHANGED-FILES-v13.81.3.txt,Documentation/Release History,Documentation,Historical release/test/deployment artifact unless specifically scoped
CHANGED-FILES-v13.81.4.txt,Documentation/Release History,Documentation,Historical release/test/deployment artifact unless specifically scoped
CHANGED-FILES-v13.9.0.txt,Documentation/Release History,Documentation,Historical release/test/deployment artifact unless specifically scoped
CHANGED-FILES-v13.9.1.1.txt,Documentation/Release History,Documentation,Historical release/test/deployment artifact unless specifically scoped
CHANGED-FILES-v13.9.1.2.txt,Documentation/Release History,Documentation,Historical release/test/deployment artifact unless specifically scoped
CHANGED-FILES-v13.9.1.txt,Documentation/Release History,Documentation,Historical release/test/deployment artifact unless specifically scoped
CNAME,Repository/Other,Asset/Other,Non-critical repository artifact
COMMIT-v11.6.0.txt,Documentation/Release History,Documentation,Historical release/test/deployment artifact unless specifically scoped
COMMIT-v11.6.1.txt,Documentation/Release History,Documentation,Historical release/test/deployment artifact unless specifically scoped
COMMIT-v11.6.2.txt,Documentation/Release History,Documentation,Historical release/test/deployment artifact unless specifically scoped
COMMIT-v11.6.3.txt,Documentation/Release History,Documentation,Historical release/test/deployment artifact unless specifically scoped
COMMIT-v11.7.0.txt,Documentation/Release History,Documentation,Historical release/test/deployment artifact unless specifically scoped
COMMIT-v11.7.1.txt,Documentation/Release History,Documentation,Historical release/test/deployment artifact unless specifically scoped
COMMIT-v11.8.0.txt,Documentation/Release History,Documentation,Historical release/test/deployment artifact unless specifically scoped
COMMIT-v11.8.1.txt,Documentation/Release History,Documentation,Historical release/test/deployment artifact unless specifically scoped
COMMIT-v11.8.2.txt,Documentation/Release History,Documentation,Historical release/test/deployment artifact unless specifically scoped
COMMIT-v11.9.0.txt,Documentation/Release History,Documentation,Historical release/test/deployment artifact unless specifically scoped
COMMIT-v11.9.1.txt,Documentation/Release History,Documentation,Historical release/test/deployment artifact unless specifically scoped
COMMIT-v12.0.0.txt,Documentation/Release History,Documentation,Historical release/test/deployment artifact unless specifically scoped
COMMIT-v12.0.1.txt,Documentation/Release History,Documentation,Historical release/test/deployment artifact unless specifically scoped
COMMIT-v12.1.0.txt,Documentation/Release History,Documentation,Historical release/test/deployment artifact unless specifically scoped
COMMIT-v12.1.1.txt,Documentation/Release History,Documentation,Historical release/test/deployment artifact unless specifically scoped
COMMIT-v12.1.2.txt,Documentation/Release History,Documentation,Historical release/test/deployment artifact unless specifically scoped
COMMIT-v13.0.0.txt,Documentation/Release History,Documentation,Historical release/test/deployment artifact unless specifically scoped
COMMIT-v13.0.1.txt,Documentation/Release History,Documentation,Historical release/test/deployment artifact unless specifically scoped
COMMIT-v13.0.2.1.txt,Documentation/Release History,Documentation,Historical release/test/deployment artifact unless specifically scoped
COMMIT-v13.0.2.txt,Documentation/Release History,Documentation,Historical release/test/deployment artifact unless specifically scoped
COMMIT-v13.0.3.1.txt,Documentation/Release History,Documentation,Historical release/test/deployment artifact unless specifically scoped
COMMIT-v13.0.3.2.txt,Documentation/Release History,Documentation,Historical release/test/deployment artifact unless specifically scoped
COMMIT-v13.0.3.3.txt,Documentation/Release History,Documentation,Historical release/test/deployment artifact unless specifically scoped
COMMIT-v13.0.3.4.txt,Documentation/Release History,Documentation,Historical release/test/deployment artifact unless specifically scoped
COMMIT-v13.0.3.5.txt,Documentation/Release History,Documentation,Historical release/test/deployment artifact unless specifically scoped
COMMIT-v13.0.3.txt,Documentation/Release History,Documentation,Historical release/test/deployment artifact unless specifically scoped
COMMIT-v13.0.4.1.txt,Documentation/Release History,Documentation,Historical release/test/deployment artifact unless specifically scoped
COMMIT-v13.0.4.2.txt,Documentation/Release History,Documentation,Historical release/test/deployment artifact unless specifically scoped
COMMIT-v13.0.4.3.txt,Documentation/Release History,Documentation,Historical release/test/deployment artifact unless specifically scoped
COMMIT-v13.0.4.4.txt,Documentation/Release History,Documentation,Historical release/test/deployment artifact unless specifically scoped
COMMIT-v13.0.4.5.txt,Documentation/Release History,Documentation,Historical release/test/deployment artifact unless specifically scoped
COMMIT-v13.0.4.6.txt,Documentation/Release History,Documentation,Historical release/test/deployment artifact unless specifically scoped
COMMIT-v13.0.4.txt,Documentation/Release History,Documentation,Historical release/test/deployment artifact unless specifically scoped
COMMIT-v13.1.0.1.txt,Documentation/Release History,Documentation,Historical release/test/deployment artifact unless specifically scoped
COMMIT-v13.1.0.2.txt,Documentation/Release History,Documentation,Historical release/test/deployment artifact unless specifically scoped
COMMIT-v13.1.0.txt,Documentation/Release History,Documentation,Historical release/test/deployment artifact unless specifically scoped
COMMIT-v13.1.1.1.txt,Documentation/Release History,Documentation,Historical release/test/deployment artifact unless specifically scoped
COMMIT-v13.1.1.2.txt,Documentation/Release History,Documentation,Historical release/test/deployment artifact unless specifically scoped
COMMIT-v13.1.1.txt,Documentation/Release History,Documentation,Historical release/test/deployment artifact unless specifically scoped
COMMIT-v13.1.2.txt,Documentation/Release History,Documentation,Historical release/test/deployment artifact unless specifically scoped
COMMIT-v13.1.3.1.txt,Documentation/Release History,Documentation,Historical release/test/deployment artifact unless specifically scoped
COMMIT-v13.1.3.10.txt,Documentation/Release History,Documentation,Historical release/test/deployment artifact unless specifically scoped
COMMIT-v13.1.3.11.txt,Documentation/Release History,Documentation,Historical release/test/deployment artifact unless specifically scoped
COMMIT-v13.1.3.12.txt,Documentation/Release History,Documentation,Historical release/test/deployment artifact unless specifically scoped
COMMIT-v13.1.3.13.txt,Documentation/Release History,Documentation,Historical release/test/deployment artifact unless specifically scoped
COMMIT-v13.1.3.2.txt,Documentation/Release History,Documentation,Historical release/test/deployment artifact unless specifically scoped
COMMIT-v13.1.3.3.txt,Documentation/Release History,Documentation,Historical release/test/deployment artifact unless specifically scoped
COMMIT-v13.1.3.4.txt,Documentation/Release History,Documentation,Historical release/test/deployment artifact unless specifically scoped
COMMIT-v13.1.3.5.txt,Documentation/Release History,Documentation,Historical release/test/deployment artifact unless specifically scoped
COMMIT-v13.1.3.6.txt,Documentation/Release History,Documentation,Historical release/test/deployment artifact unless specifically scoped
COMMIT-v13.1.3.7.txt,Documentation/Release History,Documentation,Historical release/test/deployment artifact unless specifically scoped
COMMIT-v13.1.3.8.txt,Documentation/Release History,Documentation,Historical release/test/deployment artifact unless specifically scoped
COMMIT-v13.1.3.9.txt,Documentation/Release History,Documentation,Historical release/test/deployment artifact unless specifically scoped
COMMIT-v13.1.3.txt,Documentation/Release History,Documentation,Historical release/test/deployment artifact unless specifically scoped
COMMIT-v13.10.0.txt,Documentation/Release History,Documentation,Historical release/test/deployment artifact unless specifically scoped
COMMIT-v13.14.0.txt,Documentation/Release History,Documentation,Historical release/test/deployment artifact unless specifically scoped
COMMIT-v13.15.0.txt,Documentation/Release History,Documentation,Historical release/test/deployment artifact unless specifically scoped
COMMIT-v13.16.0.txt,Documentation/Release History,Documentation,Historical release/test/deployment artifact unless specifically scoped
COMMIT-v13.16.1.txt,Documentation/Release History,Documentation,Historical release/test/deployment artifact unless specifically scoped
COMMIT-v13.16.2.txt,Documentation/Release History,Documentation,Historical release/test/deployment artifact unless specifically scoped
COMMIT-v13.17.0.txt,Documentation/Release History,Documentation,Historical release/test/deployment artifact unless specifically scoped
COMMIT-v13.18.0.txt,Documentation/Release History,Documentation,Historical release/test/deployment artifact unless specifically scoped
COMMIT-v13.2.0.txt,Documentation/Release History,Documentation,Historical release/test/deployment artifact unless specifically scoped
COMMIT-v13.20.0.txt,Documentation/Release History,Documentation,Historical release/test/deployment artifact unless specifically scoped
COMMIT-v13.20.1.txt,Documentation/Release History,Documentation,Historical release/test/deployment artifact unless specifically scoped
COMMIT-v13.21.0.txt,Documentation/Release History,Documentation,Historical release/test/deployment artifact unless specifically scoped
COMMIT-v13.22.0.txt,Documentation/Release History,Documentation,Historical release/test/deployment artifact unless specifically scoped
COMMIT-v13.22.1.txt,Documentation/Release History,Documentation,Historical release/test/deployment artifact unless specifically scoped
COMMIT-v13.23.0.txt,Documentation/Release History,Documentation,Historical release/test/deployment artifact unless specifically scoped
COMMIT-v13.24.0.txt,Documentation/Release History,Documentation,Historical release/test/deployment artifact unless specifically scoped
COMMIT-v13.24.1.txt,Documentation/Release History,Documentation,Historical release/test/deployment artifact unless specifically scoped
COMMIT-v13.25.0.txt,Documentation/Release History,Documentation,Historical release/test/deployment artifact unless specifically scoped
COMMIT-v13.26.0.txt,Documentation/Release History,Documentation,Historical release/test/deployment artifact unless specifically scoped
COMMIT-v13.26.1.txt,Documentation/Release History,Documentation,Historical release/test/deployment artifact unless specifically scoped
COMMIT-v13.26.2.txt,Documentation/Release History,Documentation,Historical release/test/deployment artifact unless specifically scoped
COMMIT-v13.27.0.txt,Documentation/Release History,Documentation,Historical release/test/deployment artifact unless specifically scoped
COMMIT-v13.27.1.txt,Documentation/Release History,Documentation,Historical release/test/deployment artifact unless specifically scoped
COMMIT-v13.27.2.txt,Documentation/Release History,Documentation,Historical release/test/deployment artifact unless specifically scoped
COMMIT-v13.27.3.txt,Documentation/Release History,Documentation,Historical release/test/deployment artifact unless specifically scoped
COMMIT-v13.27.4.txt,Documentation/Release History,Documentation,Historical release/test/deployment artifact unless specifically scoped
COMMIT-v13.27.5.1.txt,Documentation/Release History,Documentation,Historical release/test/deployment artifact unless specifically scoped
COMMIT-v13.27.5.txt,Documentation/Release History,Documentation,Historical release/test/deployment artifact unless specifically scoped
COMMIT-v13.28.1.txt,Documentation/Release History,Documentation,Historical release/test/deployment artifact unless specifically scoped
COMMIT-v13.28.5.3.txt,Documentation/Release History,Documentation,Historical release/test/deployment artifact unless specifically scoped
COMMIT-v13.28.6.1.txt,Documentation/Release History,Documentation,Historical release/test/deployment artifact unless specifically scoped
COMMIT-v13.28.6.2.txt,Documentation/Release History,Documentation,Historical release/test/deployment artifact unless specifically scoped
COMMIT-v13.28.6.3.txt,Documentation/Release History,Documentation,Historical release/test/deployment artifact unless specifically scoped
COMMIT-v13.28.6.4.txt,Documentation/Release History,Documentation,Historical release/test/deployment artifact unless specifically scoped
COMMIT-v13.28.6.5.txt,Documentation/Release History,Documentation,Historical release/test/deployment artifact unless specifically scoped
COMMIT-v13.28.6.7.txt,Documentation/Release History,Documentation,Historical release/test/deployment artifact unless specifically scoped
COMMIT-v13.28.6.8.txt,Documentation/Release History,Documentation,Historical release/test/deployment artifact unless specifically scoped
COMMIT-v13.28.6.txt,Documentation/Release History,Documentation,Historical release/test/deployment artifact unless specifically scoped
COMMIT-v13.28.7.txt,Documentation/Release History,Documentation,Historical release/test/deployment artifact unless specifically scoped
COMMIT-v13.29.0.1.txt,Documentation/Release History,Documentation,Historical release/test/deployment artifact unless specifically scoped
COMMIT-v13.29.0.2.txt,Documentation/Release History,Documentation,Historical release/test/deployment artifact unless specifically scoped
COMMIT-v13.29.0.txt,Documentation/Release History,Documentation,Historical release/test/deployment artifact unless specifically scoped
COMMIT-v13.29.1.txt,Documentation/Release History,Documentation,Historical release/test/deployment artifact unless specifically scoped
COMMIT-v13.29.2.1.txt,Documentation/Release History,Documentation,Historical release/test/deployment artifact unless specifically scoped
COMMIT-v13.29.2.2.txt,Documentation/Release History,Documentation,Historical release/test/deployment artifact unless specifically scoped
COMMIT-v13.29.2.txt,Documentation/Release History,Documentation,Historical release/test/deployment artifact unless specifically scoped
COMMIT-v13.29.3.txt,Documentation/Release History,Documentation,Historical release/test/deployment artifact unless specifically scoped
COMMIT-v13.29.4.txt,Documentation/Release History,Documentation,Historical release/test/deployment artifact unless specifically scoped
COMMIT-v13.3.0.1.txt,Documentation/Release History,Documentation,Historical release/test/deployment artifact unless specifically scoped
COMMIT-v13.3.0.2.txt,Documentation/Release History,Documentation,Historical release/test/deployment artifact unless specifically scoped
COMMIT-v13.3.0.3.txt,Documentation/Release History,Documentation,Historical release/test/deployment artifact unless specifically scoped
COMMIT-v13.3.0.4.txt,Documentation/Release History,Documentation,Historical release/test/deployment artifact unless specifically scoped
COMMIT-v13.3.0.txt,Documentation/Release History,Documentation,Historical release/test/deployment artifact unless specifically scoped
COMMIT-v13.3.1.1.txt,Documentation/Release History,Documentation,Historical release/test/deployment artifact unless specifically scoped
COMMIT-v13.3.1.2.txt,Documentation/Release History,Documentation,Historical release/test/deployment artifact unless specifically scoped
COMMIT-v13.3.1.txt,Documentation/Release History,Documentation,Historical release/test/deployment artifact unless specifically scoped
COMMIT-v13.3.2.1.txt,Documentation/Release History,Documentation,Historical release/test/deployment artifact unless specifically scoped
COMMIT-v13.3.2.txt,Documentation/Release History,Documentation,Historical release/test/deployment artifact unless specifically scoped
COMMIT-v13.3.3.1.txt,Documentation/Release History,Documentation,Historical release/test/deployment artifact unless specifically scoped
COMMIT-v13.3.3.txt,Documentation/Release History,Documentation,Historical release/test/deployment artifact unless specifically scoped
COMMIT-v13.30.0.txt,Documentation/Release History,Documentation,Historical release/test/deployment artifact unless specifically scoped
COMMIT-v13.30.1.txt,Documentation/Release History,Documentation,Historical release/test/deployment artifact unless specifically scoped
COMMIT-v13.31.0.txt,Documentation/Release History,Documentation,Historical release/test/deployment artifact unless specifically scoped
COMMIT-v13.32.0.txt,Documentation/Release History,Documentation,Historical release/test/deployment artifact unless specifically scoped
COMMIT-v13.34.0.txt,Documentation/Release History,Documentation,Historical release/test/deployment artifact unless specifically scoped
COMMIT-v13.34.1.txt,Documentation/Release History,Documentation,Historical release/test/deployment artifact unless specifically scoped
COMMIT-v13.35.0.txt,Documentation/Release History,Documentation,Historical release/test/deployment artifact unless specifically scoped
COMMIT-v13.36.0.txt,Documentation/Release History,Documentation,Historical release/test/deployment artifact unless specifically scoped
COMMIT-v13.36.1.txt,Documentation/Release History,Documentation,Historical release/test/deployment artifact unless specifically scoped
COMMIT-v13.36.10.txt,Documentation/Release History,Documentation,Historical release/test/deployment artifact unless specifically scoped
COMMIT-v13.36.11.txt,Documentation/Release History,Documentation,Historical release/test/deployment artifact unless specifically scoped
COMMIT-v13.36.2.txt,Documentation/Release History,Documentation,Historical release/test/deployment artifact unless specifically scoped
COMMIT-v13.36.3.txt,Documentation/Release History,Documentation,Historical release/test/deployment artifact unless specifically scoped
COMMIT-v13.36.4.txt,Documentation/Release History,Documentation,Historical release/test/deployment artifact unless specifically scoped
COMMIT-v13.36.5.txt,Documentation/Release History,Documentation,Historical release/test/deployment artifact unless specifically scoped
COMMIT-v13.36.6.txt,Documentation/Release History,Documentation,Historical release/test/deployment artifact unless specifically scoped
COMMIT-v13.36.7.txt,Documentation/Release History,Documentation,Historical release/test/deployment artifact unless specifically scoped
COMMIT-v13.36.8.txt,Documentation/Release History,Documentation,Historical release/test/deployment artifact unless specifically scoped
COMMIT-v13.36.9.txt,Documentation/Release History,Documentation,Historical release/test/deployment artifact unless specifically scoped
COMMIT-v13.37.0.txt,Documentation/Release History,Documentation,Historical release/test/deployment artifact unless specifically scoped
COMMIT-v13.37.1.txt,Documentation/Release History,Documentation,Historical release/test/deployment artifact unless specifically scoped
COMMIT-v13.37.2.txt,Documentation/Release History,Documentation,Historical release/test/deployment artifact unless specifically scoped
COMMIT-v13.37.3.txt,Documentation/Release History,Documentation,Historical release/test/deployment artifact unless specifically scoped
COMMIT-v13.37.4.txt,Documentation/Release History,Documentation,Historical release/test/deployment artifact unless specifically scoped
COMMIT-v13.37.5.txt,Documentation/Release History,Documentation,Historical release/test/deployment artifact unless specifically scoped
COMMIT-v13.37.6.txt,Documentation/Release History,Documentation,Historical release/test/deployment artifact unless specifically scoped
COMMIT-v13.37.7.txt,Documentation/Release History,Documentation,Historical release/test/deployment artifact unless specifically scoped
COMMIT-v13.38.1.txt,Documentation/Release History,Documentation,Historical release/test/deployment artifact unless specifically scoped
COMMIT-v13.38.2.txt,Documentation/Release History,Documentation,Historical release/test/deployment artifact unless specifically scoped
COMMIT-v13.38.3.txt,Documentation/Release History,Documentation,Historical release/test/deployment artifact unless specifically scoped
COMMIT-v13.38.4.txt,Documentation/Release History,Documentation,Historical release/test/deployment artifact unless specifically scoped
COMMIT-v13.4.0.txt,Documentation/Release History,Documentation,Historical release/test/deployment artifact unless specifically scoped
COMMIT-v13.4.1.txt,Documentation/Release History,Documentation,Historical release/test/deployment artifact unless specifically scoped
COMMIT-v13.4.2.txt,Documentation/Release History,Documentation,Historical release/test/deployment artifact unless specifically scoped
COMMIT-v13.4.3.txt,Documentation/Release History,Documentation,Historical release/test/deployment artifact unless specifically scoped
COMMIT-v13.4.4.1.txt,Documentation/Release History,Documentation,Historical release/test/deployment artifact unless specifically scoped
COMMIT-v13.4.4.txt,Documentation/Release History,Documentation,Historical release/test/deployment artifact unless specifically scoped
COMMIT-v13.4.5.txt,Documentation/Release History,Documentation,Historical release/test/deployment artifact unless specifically scoped
COMMIT-v13.4.6.1.txt,Documentation/Release History,Documentation,Historical release/test/deployment artifact unless specifically scoped
COMMIT-v13.4.6.2.txt,Documentation/Release History,Documentation,Historical release/test/deployment artifact unless specifically scoped
COMMIT-v13.4.6.3.txt,Documentation/Release History,Documentation,Historical release/test/deployment artifact unless specifically scoped
COMMIT-v13.4.6.4.txt,Documentation/Release History,Documentation,Historical release/test/deployment artifact unless specifically scoped
COMMIT-v13.4.6.5.txt,Documentation/Release History,Documentation,Historical release/test/deployment artifact unless specifically scoped
COMMIT-v13.4.6.txt,Documentation/Release History,Documentation,Historical release/test/deployment artifact unless specifically scoped
COMMIT-v13.40.0.txt,Documentation/Release History,Documentation,Historical release/test/deployment artifact unless specifically scoped
COMMIT-v13.45.0.txt,Documentation/Release History,Documentation,Historical release/test/deployment artifact unless specifically scoped
COMMIT-v13.45.1.txt,Documentation/Release History,Documentation,Historical release/test/deployment artifact unless specifically scoped
COMMIT-v13.46.0.txt,Documentation/Release History,Documentation,Historical release/test/deployment artifact unless specifically scoped
COMMIT-v13.48.0.txt,Documentation/Release History,Documentation,Historical release/test/deployment artifact unless specifically scoped
COMMIT-v13.49.0.txt,Documentation/Release History,Documentation,Historical release/test/deployment artifact unless specifically scoped
COMMIT-v13.49.1.txt,Documentation/Release History,Documentation,Historical release/test/deployment artifact unless specifically scoped
COMMIT-v13.5.0.1.txt,Documentation/Release History,Documentation,Historical release/test/deployment artifact unless specifically scoped
COMMIT-v13.5.0.txt,Documentation/Release History,Documentation,Historical release/test/deployment artifact unless specifically scoped
COMMIT-v13.5.1.1.txt,Documentation/Release History,Documentation,Historical release/test/deployment artifact unless specifically scoped
COMMIT-v13.5.1.2.txt,Documentation/Release History,Documentation,Historical release/test/deployment artifact unless specifically scoped
COMMIT-v13.5.1.3.txt,Documentation/Release History,Documentation,Historical release/test/deployment artifact unless specifically scoped
COMMIT-v13.5.1.4.txt,Documentation/Release History,Documentation,Historical release/test/deployment artifact unless specifically scoped
COMMIT-v13.5.1.5.txt,Documentation/Release History,Documentation,Historical release/test/deployment artifact unless specifically scoped
COMMIT-v13.5.1.txt,Documentation/Release History,Documentation,Historical release/test/deployment artifact unless specifically scoped
COMMIT-v13.5.2.1.txt,Documentation/Release History,Documentation,Historical release/test/deployment artifact unless specifically scoped
COMMIT-v13.5.2.2.txt,Documentation/Release History,Documentation,Historical release/test/deployment artifact unless specifically scoped
COMMIT-v13.5.2.4.txt,Documentation/Release History,Documentation,Historical release/test/deployment artifact unless specifically scoped
COMMIT-v13.5.2.txt,Documentation/Release History,Documentation,Historical release/test/deployment artifact unless specifically scoped
COMMIT-v13.5.3.txt,Documentation/Release History,Documentation,Historical release/test/deployment artifact unless specifically scoped
COMMIT-v13.5.4.txt,Documentation/Release History,Documentation,Historical release/test/deployment artifact unless specifically scoped
COMMIT-v13.5.6.txt,Documentation/Release History,Documentation,Historical release/test/deployment artifact unless specifically scoped
COMMIT-v13.50.0.txt,Documentation/Release History,Documentation,Historical release/test/deployment artifact unless specifically scoped
COMMIT-v13.51.0.txt,Documentation/Release History,Documentation,Historical release/test/deployment artifact unless specifically scoped
COMMIT-v13.52.0.txt,Documentation/Release History,Documentation,Historical release/test/deployment artifact unless specifically scoped
COMMIT-v13.54.0.txt,Documentation/Release History,Documentation,Historical release/test/deployment artifact unless specifically scoped
COMMIT-v13.54.1.txt,Documentation/Release History,Documentation,Historical release/test/deployment artifact unless specifically scoped
COMMIT-v13.54.2.txt,Documentation/Release History,Documentation,Historical release/test/deployment artifact unless specifically scoped
COMMIT-v13.54.3.txt,Documentation/Release History,Documentation,Historical release/test/deployment artifact unless specifically scoped
COMMIT-v13.54.4.txt,Documentation/Release History,Documentation,Historical release/test/deployment artifact unless specifically scoped
COMMIT-v13.55.0.txt,Documentation/Release History,Documentation,Historical release/test/deployment artifact unless specifically scoped
COMMIT-v13.56.0.txt,Documentation/Release History,Documentation,Historical release/test/deployment artifact unless specifically scoped
COMMIT-v13.57.0.txt,Documentation/Release History,Documentation,Historical release/test/deployment artifact unless specifically scoped
COMMIT-v13.58.0.txt,Documentation/Release History,Documentation,Historical release/test/deployment artifact unless specifically scoped
COMMIT-v13.59.0.txt,Documentation/Release History,Documentation,Historical release/test/deployment artifact unless specifically scoped
COMMIT-v13.6.0.txt,Documentation/Release History,Documentation,Historical release/test/deployment artifact unless specifically scoped
COMMIT-v13.6.1.txt,Documentation/Release History,Documentation,Historical release/test/deployment artifact unless specifically scoped
COMMIT-v13.6.2.txt,Documentation/Release History,Documentation,Historical release/test/deployment artifact unless specifically scoped
COMMIT-v13.6.3.txt,Documentation/Release History,Documentation,Historical release/test/deployment artifact unless specifically scoped
COMMIT-v13.6.4.txt,Documentation/Release History,Documentation,Historical release/test/deployment artifact unless specifically scoped
COMMIT-v13.6.5.txt,Documentation/Release History,Documentation,Historical release/test/deployment artifact unless specifically scoped
COMMIT-v13.60.0.txt,Documentation/Release History,Documentation,Historical release/test/deployment artifact unless specifically scoped
COMMIT-v13.61.0.txt,Documentation/Release History,Documentation,Historical release/test/deployment artifact unless specifically scoped
COMMIT-v13.61.1.txt,Documentation/Release History,Documentation,Historical release/test/deployment artifact unless specifically scoped
COMMIT-v13.61.2.txt,Documentation/Release History,Documentation,Historical release/test/deployment artifact unless specifically scoped
COMMIT-v13.62.0.txt,Documentation/Release History,Documentation,Historical release/test/deployment artifact unless specifically scoped
COMMIT-v13.63.0.txt,Documentation/Release History,Documentation,Historical release/test/deployment artifact unless specifically scoped
COMMIT-v13.63.1.txt,Documentation/Release History,Documentation,Historical release/test/deployment artifact unless specifically scoped
COMMIT-v13.65.0.txt,Documentation/Release History,Documentation,Historical release/test/deployment artifact unless specifically scoped
COMMIT-v13.68.0.txt,Documentation/Release History,Documentation,Historical release/test/deployment artifact unless specifically scoped
COMMIT-v13.68.1.txt,Documentation/Release History,Documentation,Historical release/test/deployment artifact unless specifically scoped
COMMIT-v13.68.10.txt,Documentation/Release History,Documentation,Historical release/test/deployment artifact unless specifically scoped
COMMIT-v13.68.2.txt,Documentation/Release History,Documentation,Historical release/test/deployment artifact unless specifically scoped
COMMIT-v13.68.3.txt,Documentation/Release History,Documentation,Historical release/test/deployment artifact unless specifically scoped
COMMIT-v13.68.4.txt,Documentation/Release History,Documentation,Historical release/test/deployment artifact unless specifically scoped
COMMIT-v13.68.5.txt,Documentation/Release History,Documentation,Historical release/test/deployment artifact unless specifically scoped
COMMIT-v13.69.0.txt,Documentation/Release History,Documentation,Historical release/test/deployment artifact unless specifically scoped
COMMIT-v13.69.1.txt,Documentation/Release History,Documentation,Historical release/test/deployment artifact unless specifically scoped
COMMIT-v13.7.0.txt,Documentation/Release History,Documentation,Historical release/test/deployment artifact unless specifically scoped
COMMIT-v13.7.1.txt,Documentation/Release History,Documentation,Historical release/test/deployment artifact unless specifically scoped
COMMIT-v13.70.2.txt,Documentation/Release History,Documentation,Historical release/test/deployment artifact unless specifically scoped
COMMIT-v13.71.0.txt,Documentation/Release History,Documentation,Historical release/test/deployment artifact unless specifically scoped
COMMIT-v13.72.0.txt,Documentation/Release History,Documentation,Historical release/test/deployment artifact unless specifically scoped
COMMIT-v13.73.0.txt,Documentation/Release History,Documentation,Historical release/test/deployment artifact unless specifically scoped
COMMIT-v13.74.0.txt,Documentation/Release History,Documentation,Historical release/test/deployment artifact unless specifically scoped
COMMIT-v13.75.0.txt,Documentation/Release History,Documentation,Historical release/test/deployment artifact unless specifically scoped
COMMIT-v13.76.0.txt,Documentation/Release History,Documentation,Historical release/test/deployment artifact unless specifically scoped
COMMIT-v13.77.0.txt,Documentation/Release History,Documentation,Historical release/test/deployment artifact unless specifically scoped
COMMIT-v13.78.0.txt,Documentation/Release History,Documentation,Historical release/test/deployment artifact unless specifically scoped
COMMIT-v13.79.0.txt,Documentation/Release History,Documentation,Historical release/test/deployment artifact unless specifically scoped
COMMIT-v13.8.0.txt,Documentation/Release History,Documentation,Historical release/test/deployment artifact unless specifically scoped
COMMIT-v13.8.1.1.txt,Documentation/Release History,Documentation,Historical release/test/deployment artifact unless specifically scoped
COMMIT-v13.8.1.txt,Documentation/Release History,Documentation,Historical release/test/deployment artifact unless specifically scoped
COMMIT-v13.80.0.txt,Documentation/Release History,Documentation,Historical release/test/deployment artifact unless specifically scoped
COMMIT-v13.80.1.txt,Documentation/Release History,Documentation,Historical release/test/deployment artifact unless specifically scoped
COMMIT-v13.80.2.txt,Documentation/Release History,Documentation,Historical release/test/deployment artifact unless specifically scoped
COMMIT-v13.80.3.txt,Documentation/Release History,Documentation,Historical release/test/deployment artifact unless specifically scoped
COMMIT-v13.81.0.txt,Documentation/Release History,Documentation,Historical release/test/deployment artifact unless specifically scoped
COMMIT-v13.81.1.txt,Documentation/Release History,Documentation,Historical release/test/deployment artifact unless specifically scoped
COMMIT-v13.81.2.txt,Documentation/Release History,Documentation,Historical release/test/deployment artifact unless specifically scoped
COMMIT-v13.81.3.txt,Documentation/Release History,Documentation,Historical release/test/deployment artifact unless specifically scoped
COMMIT-v13.81.4.txt,Documentation/Release History,Documentation,Historical release/test/deployment artifact unless specifically scoped
COMMIT-v13.9.0.txt,Documentation/Release History,Documentation,Historical release/test/deployment artifact unless specifically scoped
COMMIT-v13.9.1.1.txt,Documentation/Release History,Documentation,Historical release/test/deployment artifact unless specifically scoped
COMMIT-v13.9.1.2.txt,Documentation/Release History,Documentation,Historical release/test/deployment artifact unless specifically scoped
COMMIT-v13.9.1.txt,Documentation/Release History,Documentation,Historical release/test/deployment artifact unless specifically scoped
CURRENT-BUILD.md,Documentation/Release History,Documentation,Historical release/test/deployment artifact unless specifically scoped
DELETED-FILES-v13.14.0.txt,Documentation/Release History,Documentation,Historical release/test/deployment artifact unless specifically scoped
DELETED-FILES-v13.16.0.txt,Documentation/Release History,Documentation,Historical release/test/deployment artifact unless specifically scoped
DELETED-FILES-v13.16.1.txt,Documentation/Release History,Documentation,Historical release/test/deployment artifact unless specifically scoped
DELETED-FILES-v13.16.2.txt,Documentation/Release History,Documentation,Historical release/test/deployment artifact unless specifically scoped
DELETED-FILES-v13.17.0.txt,Documentation/Release History,Documentation,Historical release/test/deployment artifact unless specifically scoped
DELETED-FILES-v13.18.0.txt,Documentation/Release History,Documentation,Historical release/test/deployment artifact unless specifically scoped
DEPLOYMENT-v11.2.10.md,Documentation/Release History,Documentation,Historical release/test/deployment artifact unless specifically scoped
DEPLOYMENT-v11.2.11.md,Documentation/Release History,Documentation,Historical release/test/deployment artifact unless specifically scoped
DEPLOYMENT-v11.2.12.md,Documentation/Release History,Documentation,Historical release/test/deployment artifact unless specifically scoped
DEPLOYMENT-v11.2.13.md,Documentation/Release History,Documentation,Historical release/test/deployment artifact unless specifically scoped
DEPLOYMENT-v11.2.4.md,Documentation/Release History,Documentation,Historical release/test/deployment artifact unless specifically scoped
DEPLOYMENT-v11.2.5.md,Documentation/Release History,Documentation,Historical release/test/deployment artifact unless specifically scoped
DEPLOYMENT-v11.2.6.md,Documentation/Release History,Documentation,Historical release/test/deployment artifact unless specifically scoped
DEPLOYMENT-v11.2.7.md,Documentation/Release History,Documentation,Historical release/test/deployment artifact unless specifically scoped
DEPLOYMENT-v11.2.8.md,Documentation/Release History,Documentation,Historical release/test/deployment artifact unless specifically scoped
DEPLOYMENT-v11.2.9.md,Documentation/Release History,Documentation,Historical release/test/deployment artifact unless specifically scoped
DEPLOYMENT-v11.3.0.md,Documentation/Release History,Documentation,Historical release/test/deployment artifact unless specifically scoped
DEPLOYMENT-v11.3.1.md,Documentation/Release History,Documentation,Historical release/test/deployment artifact unless specifically scoped
DEPLOYMENT-v11.3.2.md,Documentation/Release History,Documentation,Historical release/test/deployment artifact unless specifically scoped
DEPLOYMENT-v11.3.3.md,Documentation/Release History,Documentation,Historical release/test/deployment artifact unless specifically scoped
DEPLOYMENT-v11.4.0.md,Documentation/Release History,Documentation,Historical release/test/deployment artifact unless specifically scoped
DEPLOYMENT-v11.5.0.md,Documentation/Release History,Documentation,Historical release/test/deployment artifact unless specifically scoped
DEPLOYMENT-v11.5.1.md,Documentation/Release History,Documentation,Historical release/test/deployment artifact unless specifically scoped
DEPLOYMENT-v11.6.0.md,Documentation/Release History,Documentation,Historical release/test/deployment artifact unless specifically scoped
DEPLOYMENT-v11.6.1.md,Documentation/Release History,Documentation,Historical release/test/deployment artifact unless specifically scoped
DEPLOYMENT-v11.6.2.md,Documentation/Release History,Documentation,Historical release/test/deployment artifact unless specifically scoped
DEPLOYMENT-v11.6.3.md,Documentation/Release History,Documentation,Historical release/test/deployment artifact unless specifically scoped
DEPLOYMENT-v11.7.0.md,Documentation/Release History,Documentation,Historical release/test/deployment artifact unless specifically scoped
DEPLOYMENT-v11.7.1.md,Documentation/Release History,Documentation,Historical release/test/deployment artifact unless specifically scoped
DEPLOYMENT-v11.8.0.md,Documentation/Release History,Documentation,Historical release/test/deployment artifact unless specifically scoped
DEPLOYMENT-v11.8.1.md,Documentation/Release History,Documentation,Historical release/test/deployment artifact unless specifically scoped
DEPLOYMENT-v11.8.2.md,Documentation/Release History,Documentation,Historical release/test/deployment artifact unless specifically scoped
DEPLOYMENT-v11.9.0.md,Documentation/Release History,Documentation,Historical release/test/deployment artifact unless specifically scoped
DEPLOYMENT-v11.9.1.md,Documentation/Release History,Documentation,Historical release/test/deployment artifact unless specifically scoped
DEPLOYMENT-v12.0.0.md,Documentation/Release History,Documentation,Historical release/test/deployment artifact unless specifically scoped
DEPLOYMENT-v12.0.1.md,Documentation/Release History,Documentation,Historical release/test/deployment artifact unless specifically scoped
DEPLOYMENT-v12.1.0.md,Documentation/Release History,Documentation,Historical release/test/deployment artifact unless specifically scoped
DEPLOYMENT-v12.1.1.md,Documentation/Release History,Documentation,Historical release/test/deployment artifact unless specifically scoped
DEPLOYMENT-v13.0.0.md,Documentation/Release History,Documentation,Historical release/test/deployment artifact unless specifically scoped
DEPLOYMENT-v13.0.1.md,Documentation/Release History,Documentation,Historical release/test/deployment artifact unless specifically scoped
DEPLOYMENT-v13.0.2.1.md,Documentation/Release History,Documentation,Historical release/test/deployment artifact unless specifically scoped
DEPLOYMENT-v13.0.2.md,Documentation/Release History,Documentation,Historical release/test/deployment artifact unless specifically scoped
DEPLOYMENT-v13.0.3.1.md,Documentation/Release History,Documentation,Historical release/test/deployment artifact unless specifically scoped
DEPLOYMENT-v13.0.3.2.md,Documentation/Release History,Documentation,Historical release/test/deployment artifact unless specifically scoped
DEPLOYMENT-v13.0.3.3.md,Documentation/Release History,Documentation,Historical release/test/deployment artifact unless specifically scoped
DEPLOYMENT-v13.0.3.4.md,Documentation/Release History,Documentation,Historical release/test/deployment artifact unless specifically scoped
DEPLOYMENT-v13.0.3.5.md,Documentation/Release History,Documentation,Historical release/test/deployment artifact unless specifically scoped
DEPLOYMENT-v13.0.3.md,Documentation/Release History,Documentation,Historical release/test/deployment artifact unless specifically scoped
DEPLOYMENT-v13.0.4.1.md,Documentation/Release History,Documentation,Historical release/test/deployment artifact unless specifically scoped
DEPLOYMENT-v13.0.4.2.md,Documentation/Release History,Documentation,Historical release/test/deployment artifact unless specifically scoped
DEPLOYMENT-v13.0.4.3.md,Documentation/Release History,Documentation,Historical release/test/deployment artifact unless specifically scoped
DEPLOYMENT-v13.0.4.4.md,Documentation/Release History,Documentation,Historical release/test/deployment artifact unless specifically scoped
DEPLOYMENT-v13.0.4.5.md,Documentation/Release History,Documentation,Historical release/test/deployment artifact unless specifically scoped
DEPLOYMENT-v13.0.4.6.md,Documentation/Release History,Documentation,Historical release/test/deployment artifact unless specifically scoped
DEPLOYMENT-v13.0.4.md,Documentation/Release History,Documentation,Historical release/test/deployment artifact unless specifically scoped
DEPLOYMENT-v13.1.0.1.md,Documentation/Release History,Documentation,Historical release/test/deployment artifact unless specifically scoped
DEPLOYMENT-v13.1.0.2.md,Documentation/Release History,Documentation,Historical release/test/deployment artifact unless specifically scoped
DEPLOYMENT-v13.1.0.md,Documentation/Release History,Documentation,Historical release/test/deployment artifact unless specifically scoped
DEPLOYMENT-v13.1.1.1.md,Documentation/Release History,Documentation,Historical release/test/deployment artifact unless specifically scoped
DEPLOYMENT-v13.1.1.2.md,Documentation/Release History,Documentation,Historical release/test/deployment artifact unless specifically scoped
DEPLOYMENT-v13.1.1.md,Documentation/Release History,Documentation,Historical release/test/deployment artifact unless specifically scoped
DEPLOYMENT-v13.1.2.md,Documentation/Release History,Documentation,Historical release/test/deployment artifact unless specifically scoped
DEPLOYMENT-v13.1.3.1.md,Documentation/Release History,Documentation,Historical release/test/deployment artifact unless specifically scoped
DEPLOYMENT-v13.1.3.10.md,Documentation/Release History,Documentation,Historical release/test/deployment artifact unless specifically scoped
DEPLOYMENT-v13.1.3.11.md,Documentation/Release History,Documentation,Historical release/test/deployment artifact unless specifically scoped
DEPLOYMENT-v13.1.3.12.md,Documentation/Release History,Documentation,Historical release/test/deployment artifact unless specifically scoped
DEPLOYMENT-v13.1.3.13.md,Documentation/Release History,Documentation,Historical release/test/deployment artifact unless specifically scoped
DEPLOYMENT-v13.1.3.2.md,Documentation/Release History,Documentation,Historical release/test/deployment artifact unless specifically scoped
DEPLOYMENT-v13.1.3.3.md,Documentation/Release History,Documentation,Historical release/test/deployment artifact unless specifically scoped
DEPLOYMENT-v13.1.3.4.md,Documentation/Release History,Documentation,Historical release/test/deployment artifact unless specifically scoped
DEPLOYMENT-v13.1.3.5.md,Documentation/Release History,Documentation,Historical release/test/deployment artifact unless specifically scoped
DEPLOYMENT-v13.1.3.6.md,Documentation/Release History,Documentation,Historical release/test/deployment artifact unless specifically scoped
DEPLOYMENT-v13.1.3.7.md,Documentation/Release History,Documentation,Historical release/test/deployment artifact unless specifically scoped
DEPLOYMENT-v13.1.3.8.md,Documentation/Release History,Documentation,Historical release/test/deployment artifact unless specifically scoped
DEPLOYMENT-v13.1.3.9.md,Documentation/Release History,Documentation,Historical release/test/deployment artifact unless specifically scoped
DEPLOYMENT-v13.1.3.md,Documentation/Release History,Documentation,Historical release/test/deployment artifact unless specifically scoped
DEPLOYMENT-v13.10.0.md,Documentation/Release History,Documentation,Historical release/test/deployment artifact unless specifically scoped
DEPLOYMENT-v13.14.0.md,Documentation/Release History,Documentation,Historical release/test/deployment artifact unless specifically scoped
DEPLOYMENT-v13.15.0.md,Documentation/Release History,Documentation,Historical release/test/deployment artifact unless specifically scoped
DEPLOYMENT-v13.16.0.md,Documentation/Release History,Documentation,Historical release/test/deployment artifact unless specifically scoped
DEPLOYMENT-v13.16.1.md,Documentation/Release History,Documentation,Historical release/test/deployment artifact unless specifically scoped
DEPLOYMENT-v13.16.2.md,Documentation/Release History,Documentation,Historical release/test/deployment artifact unless specifically scoped
DEPLOYMENT-v13.17.0.md,Documentation/Release History,Documentation,Historical release/test/deployment artifact unless specifically scoped
DEPLOYMENT-v13.18.0.md,Documentation/Release History,Documentation,Historical release/test/deployment artifact unless specifically scoped
DEPLOYMENT-v13.19.1.md,Documentation/Release History,Documentation,Historical release/test/deployment artifact unless specifically scoped
DEPLOYMENT-v13.2.0.1.md,Documentation/Release History,Documentation,Historical release/test/deployment artifact unless specifically scoped
DEPLOYMENT-v13.2.0.2.md,Documentation/Release History,Documentation,Historical release/test/deployment artifact unless specifically scoped
DEPLOYMENT-v13.2.0.3.md,Documentation/Release History,Documentation,Historical release/test/deployment artifact unless specifically scoped
DEPLOYMENT-v13.2.0.md,Documentation/Release History,Documentation,Historical release/test/deployment artifact unless specifically scoped
DEPLOYMENT-v13.20.0.md,Documentation/Release History,Documentation,Historical release/test/deployment artifact unless specifically scoped
DEPLOYMENT-v13.20.1.md,Documentation/Release History,Documentation,Historical release/test/deployment artifact unless specifically scoped
DEPLOYMENT-v13.21.0.md,Documentation/Release History,Documentation,Historical release/test/deployment artifact unless specifically scoped
DEPLOYMENT-v13.22.0.md,Documentation/Release History,Documentation,Historical release/test/deployment artifact unless specifically scoped
DEPLOYMENT-v13.22.1.md,Documentation/Release History,Documentation,Historical release/test/deployment artifact unless specifically scoped
DEPLOYMENT-v13.23.0.md,Documentation/Release History,Documentation,Historical release/test/deployment artifact unless specifically scoped
DEPLOYMENT-v13.24.0.md,Documentation/Release History,Documentation,Historical release/test/deployment artifact unless specifically scoped
DEPLOYMENT-v13.24.1.md,Documentation/Release History,Documentation,Historical release/test/deployment artifact unless specifically scoped
DEPLOYMENT-v13.25.0.md,Documentation/Release History,Documentation,Historical release/test/deployment artifact unless specifically scoped
DEPLOYMENT-v13.26.0.md,Documentation/Release History,Documentation,Historical release/test/deployment artifact unless specifically scoped
DEPLOYMENT-v13.26.1.md,Documentation/Release History,Documentation,Historical release/test/deployment artifact unless specifically scoped
DEPLOYMENT-v13.26.2.md,Documentation/Release History,Documentation,Historical release/test/deployment artifact unless specifically scoped
DEPLOYMENT-v13.27.0.md,Documentation/Release History,Documentation,Historical release/test/deployment artifact unless specifically scoped
DEPLOYMENT-v13.27.1.md,Documentation/Release History,Documentation,Historical release/test/deployment artifact unless specifically scoped
DEPLOYMENT-v13.27.2.md,Documentation/Release History,Documentation,Historical release/test/deployment artifact unless specifically scoped
DEPLOYMENT-v13.27.3.md,Documentation/Release History,Documentation,Historical release/test/deployment artifact unless specifically scoped
DEPLOYMENT-v13.27.4.md,Documentation/Release History,Documentation,Historical release/test/deployment artifact unless specifically scoped
DEPLOYMENT-v13.27.5.1.md,Documentation/Release History,Documentation,Historical release/test/deployment artifact unless specifically scoped
DEPLOYMENT-v13.27.5.md,Documentation/Release History,Documentation,Historical release/test/deployment artifact unless specifically scoped
DEPLOYMENT-v13.28.0.md,Documentation/Release History,Documentation,Historical release/test/deployment artifact unless specifically scoped
DEPLOYMENT-v13.28.1.1.md,Documentation/Release History,Documentation,Historical release/test/deployment artifact unless specifically scoped
DEPLOYMENT-v13.28.1.2.md,Documentation/Release History,Documentation,Historical release/test/deployment artifact unless specifically scoped
DEPLOYMENT-v13.28.1.3.md,Documentation/Release History,Documentation,Historical release/test/deployment artifact unless specifically scoped
DEPLOYMENT-v13.28.1.md,Documentation/Release History,Documentation,Historical release/test/deployment artifact unless specifically scoped
DEPLOYMENT-v13.28.2.1.md,Documentation/Release History,Documentation,Historical release/test/deployment artifact unless specifically scoped
DEPLOYMENT-v13.28.2.2.md,Documentation/Release History,Documentation,Historical release/test/deployment artifact unless specifically scoped
DEPLOYMENT-v13.28.2.md,Documentation/Release History,Documentation,Historical release/test/deployment artifact unless specifically scoped
DEPLOYMENT-v13.28.3.md,Documentation/Release History,Documentation,Historical release/test/deployment artifact unless specifically scoped
DEPLOYMENT-v13.28.4.1.md,Documentation/Release History,Documentation,Historical release/test/deployment artifact unless specifically scoped
DEPLOYMENT-v13.28.4.md,Documentation/Release History,Documentation,Historical release/test/deployment artifact unless specifically scoped
DEPLOYMENT-v13.28.5.1.md,Documentation/Release History,Documentation,Historical release/test/deployment artifact unless specifically scoped
DEPLOYMENT-v13.28.5.2.md,Documentation/Release History,Documentation,Historical release/test/deployment artifact unless specifically scoped
DEPLOYMENT-v13.28.5.3.md,Documentation/Release History,Documentation,Historical release/test/deployment artifact unless specifically scoped
DEPLOYMENT-v13.28.5.md,Documentation/Release History,Documentation,Historical release/test/deployment artifact unless specifically scoped
DEPLOYMENT-v13.28.6.1.md,Documentation/Release History,Documentation,Historical release/test/deployment artifact unless specifically scoped
DEPLOYMENT-v13.28.6.2.md,Documentation/Release History,Documentation,Historical release/test/deployment artifact unless specifically scoped
DEPLOYMENT-v13.28.6.3.md,Documentation/Release History,Documentation,Historical release/test/deployment artifact unless specifically scoped
DEPLOYMENT-v13.28.6.4.md,Documentation/Release History,Documentation,Historical release/test/deployment artifact unless specifically scoped
DEPLOYMENT-v13.28.6.5.md,Documentation/Release History,Documentation,Historical release/test/deployment artifact unless specifically scoped
DEPLOYMENT-v13.28.6.6.md,Documentation/Release History,Documentation,Historical release/test/deployment artifact unless specifically scoped
DEPLOYMENT-v13.28.6.7.md,Documentation/Release History,Documentation,Historical release/test/deployment artifact unless specifically scoped
DEPLOYMENT-v13.28.6.8.md,Documentation/Release History,Documentation,Historical release/test/deployment artifact unless specifically scoped
DEPLOYMENT-v13.28.6.md,Documentation/Release History,Documentation,Historical release/test/deployment artifact unless specifically scoped
DEPLOYMENT-v13.28.7.md,Documentation/Release History,Documentation,Historical release/test/deployment artifact unless specifically scoped
DEPLOYMENT-v13.29.0.1.md,Documentation/Release History,Documentation,Historical release/test/deployment artifact unless specifically scoped
DEPLOYMENT-v13.29.0.2.md,Documentation/Release History,Documentation,Historical release/test/deployment artifact unless specifically scoped
DEPLOYMENT-v13.29.0.md,Documentation/Release History,Documentation,Historical release/test/deployment artifact unless specifically scoped
DEPLOYMENT-v13.29.1.md,Documentation/Release History,Documentation,Historical release/test/deployment artifact unless specifically scoped
DEPLOYMENT-v13.29.2.1.md,Documentation/Release History,Documentation,Historical release/test/deployment artifact unless specifically scoped
DEPLOYMENT-v13.29.2.2.md,Documentation/Release History,Documentation,Historical release/test/deployment artifact unless specifically scoped
DEPLOYMENT-v13.29.2.md,Documentation/Release History,Documentation,Historical release/test/deployment artifact unless specifically scoped
DEPLOYMENT-v13.29.3.md,Documentation/Release History,Documentation,Historical release/test/deployment artifact unless specifically scoped
DEPLOYMENT-v13.29.4.md,Documentation/Release History,Documentation,Historical release/test/deployment artifact unless specifically scoped
DEPLOYMENT-v13.3.0.1.md,Documentation/Release History,Documentation,Historical release/test/deployment artifact unless specifically scoped
DEPLOYMENT-v13.3.0.2.md,Documentation/Release History,Documentation,Historical release/test/deployment artifact unless specifically scoped
DEPLOYMENT-v13.3.0.3.md,Documentation/Release History,Documentation,Historical release/test/deployment artifact unless specifically scoped
DEPLOYMENT-v13.3.0.4.md,Documentation/Release History,Documentation,Historical release/test/deployment artifact unless specifically scoped
DEPLOYMENT-v13.3.0.md,Documentation/Release History,Documentation,Historical release/test/deployment artifact unless specifically scoped
DEPLOYMENT-v13.3.1.1.md,Documentation/Release History,Documentation,Historical release/test/deployment artifact unless specifically scoped
DEPLOYMENT-v13.3.1.2.md,Documentation/Release History,Documentation,Historical release/test/deployment artifact unless specifically scoped
DEPLOYMENT-v13.3.1.md,Documentation/Release History,Documentation,Historical release/test/deployment artifact unless specifically scoped
DEPLOYMENT-v13.3.2.1.md,Documentation/Release History,Documentation,Historical release/test/deployment artifact unless specifically scoped
DEPLOYMENT-v13.3.2.md,Documentation/Release History,Documentation,Historical release/test/deployment artifact unless specifically scoped
DEPLOYMENT-v13.3.3.1.md,Documentation/Release History,Documentation,Historical release/test/deployment artifact unless specifically scoped
DEPLOYMENT-v13.3.3.md,Documentation/Release History,Documentation,Historical release/test/deployment artifact unless specifically scoped
DEPLOYMENT-v13.30.0.md,Documentation/Release History,Documentation,Historical release/test/deployment artifact unless specifically scoped
DEPLOYMENT-v13.30.1.md,Documentation/Release History,Documentation,Historical release/test/deployment artifact unless specifically scoped
DEPLOYMENT-v13.31.0.md,Documentation/Release History,Documentation,Historical release/test/deployment artifact unless specifically scoped
DEPLOYMENT-v13.32.0.md,Documentation/Release History,Documentation,Historical release/test/deployment artifact unless specifically scoped
DEPLOYMENT-v13.34.0.md,Documentation/Release History,Documentation,Historical release/test/deployment artifact unless specifically scoped
DEPLOYMENT-v13.34.1.md,Documentation/Release History,Documentation,Historical release/test/deployment artifact unless specifically scoped
DEPLOYMENT-v13.35.0.md,Documentation/Release History,Documentation,Historical release/test/deployment artifact unless specifically scoped
DEPLOYMENT-v13.36.0.md,Documentation/Release History,Documentation,Historical release/test/deployment artifact unless specifically scoped
DEPLOYMENT-v13.36.1.md,Documentation/Release History,Documentation,Historical release/test/deployment artifact unless specifically scoped
DEPLOYMENT-v13.36.10.md,Documentation/Release History,Documentation,Historical release/test/deployment artifact unless specifically scoped
DEPLOYMENT-v13.36.11.md,Documentation/Release History,Documentation,Historical release/test/deployment artifact unless specifically scoped
DEPLOYMENT-v13.36.2.md,Documentation/Release History,Documentation,Historical release/test/deployment artifact unless specifically scoped
DEPLOYMENT-v13.36.3.md,Documentation/Release History,Documentation,Historical release/test/deployment artifact unless specifically scoped
DEPLOYMENT-v13.36.4.md,Documentation/Release History,Documentation,Historical release/test/deployment artifact unless specifically scoped
DEPLOYMENT-v13.36.5.md,Documentation/Release History,Documentation,Historical release/test/deployment artifact unless specifically scoped
DEPLOYMENT-v13.36.6.md,Documentation/Release History,Documentation,Historical release/test/deployment artifact unless specifically scoped
DEPLOYMENT-v13.36.7.md,Documentation/Release History,Documentation,Historical release/test/deployment artifact unless specifically scoped
DEPLOYMENT-v13.36.8.md,Documentation/Release History,Documentation,Historical release/test/deployment artifact unless specifically scoped
DEPLOYMENT-v13.36.9.md,Documentation/Release History,Documentation,Historical release/test/deployment artifact unless specifically scoped
DEPLOYMENT-v13.37.0.md,Documentation/Release History,Documentation,Historical release/test/deployment artifact unless specifically scoped
DEPLOYMENT-v13.37.1.md,Documentation/Release History,Documentation,Historical release/test/deployment artifact unless specifically scoped
DEPLOYMENT-v13.37.2.md,Documentation/Release History,Documentation,Historical release/test/deployment artifact unless specifically scoped
DEPLOYMENT-v13.37.3.md,Documentation/Release History,Documentation,Historical release/test/deployment artifact unless specifically scoped
DEPLOYMENT-v13.37.4.md,Documentation/Release History,Documentation,Historical release/test/deployment artifact unless specifically scoped
DEPLOYMENT-v13.37.5.md,Documentation/Release History,Documentation,Historical release/test/deployment artifact unless specifically scoped
DEPLOYMENT-v13.37.6.md,Documentation/Release History,Documentation,Historical release/test/deployment artifact unless specifically scoped
DEPLOYMENT-v13.37.7.md,Documentation/Release History,Documentation,Historical release/test/deployment artifact unless specifically scoped
DEPLOYMENT-v13.4.0.md,Documentation/Release History,Documentation,Historical release/test/deployment artifact unless specifically scoped
DEPLOYMENT-v13.4.1.md,Documentation/Release History,Documentation,Historical release/test/deployment artifact unless specifically scoped
DEPLOYMENT-v13.4.2.md,Documentation/Release History,Documentation,Historical release/test/deployment artifact unless specifically scoped
DEPLOYMENT-v13.4.3.md,Documentation/Release History,Documentation,Historical release/test/deployment artifact unless specifically scoped
DEPLOYMENT-v13.4.4.1.md,Documentation/Release History,Documentation,Historical release/test/deployment artifact unless specifically scoped
DEPLOYMENT-v13.4.4.md,Documentation/Release History,Documentation,Historical release/test/deployment artifact unless specifically scoped
DEPLOYMENT-v13.4.5.md,Documentation/Release History,Documentation,Historical release/test/deployment artifact unless specifically scoped
DEPLOYMENT-v13.4.6.1.md,Documentation/Release History,Documentation,Historical release/test/deployment artifact unless specifically scoped
DEPLOYMENT-v13.4.6.2.md,Documentation/Release History,Documentation,Historical release/test/deployment artifact unless specifically scoped
DEPLOYMENT-v13.4.6.3.md,Documentation/Release History,Documentation,Historical release/test/deployment artifact unless specifically scoped
DEPLOYMENT-v13.4.6.4.md,Documentation/Release History,Documentation,Historical release/test/deployment artifact unless specifically scoped
DEPLOYMENT-v13.4.6.5.md,Documentation/Release History,Documentation,Historical release/test/deployment artifact unless specifically scoped
DEPLOYMENT-v13.4.6.md,Documentation/Release History,Documentation,Historical release/test/deployment artifact unless specifically scoped
DEPLOYMENT-v13.40.0.md,Documentation/Release History,Documentation,Historical release/test/deployment artifact unless specifically scoped
DEPLOYMENT-v13.42.0.md,Documentation/Release History,Documentation,Historical release/test/deployment artifact unless specifically scoped
DEPLOYMENT-v13.43.0.md,Documentation/Release History,Documentation,Historical release/test/deployment artifact unless specifically scoped
DEPLOYMENT-v13.44.0.md,Documentation/Release History,Documentation,Historical release/test/deployment artifact unless specifically scoped
DEPLOYMENT-v13.45.0.md,Documentation/Release History,Documentation,Historical release/test/deployment artifact unless specifically scoped
DEPLOYMENT-v13.45.1.md,Documentation/Release History,Documentation,Historical release/test/deployment artifact unless specifically scoped
DEPLOYMENT-v13.46.0.md,Documentation/Release History,Documentation,Historical release/test/deployment artifact unless specifically scoped
DEPLOYMENT-v13.47.0.md,Documentation/Release History,Documentation,Historical release/test/deployment artifact unless specifically scoped
DEPLOYMENT-v13.48.0.md,Documentation/Release History,Documentation,Historical release/test/deployment artifact unless specifically scoped
DEPLOYMENT-v13.49.0.md,Documentation/Release History,Documentation,Historical release/test/deployment artifact unless specifically scoped
DEPLOYMENT-v13.49.1.md,Documentation/Release History,Documentation,Historical release/test/deployment artifact unless specifically scoped
DEPLOYMENT-v13.5.0.1.md,Documentation/Release History,Documentation,Historical release/test/deployment artifact unless specifically scoped
DEPLOYMENT-v13.5.0.md,Documentation/Release History,Documentation,Historical release/test/deployment artifact unless specifically scoped
DEPLOYMENT-v13.5.1.1.md,Documentation/Release History,Documentation,Historical release/test/deployment artifact unless specifically scoped
DEPLOYMENT-v13.5.1.2.md,Documentation/Release History,Documentation,Historical release/test/deployment artifact unless specifically scoped
DEPLOYMENT-v13.5.1.3.md,Documentation/Release History,Documentation,Historical release/test/deployment artifact unless specifically scoped
DEPLOYMENT-v13.5.1.4.md,Documentation/Release History,Documentation,Historical release/test/deployment artifact unless specifically scoped
DEPLOYMENT-v13.5.1.5.md,Documentation/Release History,Documentation,Historical release/test/deployment artifact unless specifically scoped
DEPLOYMENT-v13.5.1.md,Documentation/Release History,Documentation,Historical release/test/deployment artifact unless specifically scoped
DEPLOYMENT-v13.5.2.1.md,Documentation/Release History,Documentation,Historical release/test/deployment artifact unless specifically scoped
DEPLOYMENT-v13.5.2.2.md,Documentation/Release History,Documentation,Historical release/test/deployment artifact unless specifically scoped
DEPLOYMENT-v13.5.2.4.md,Documentation/Release History,Documentation,Historical release/test/deployment artifact unless specifically scoped
DEPLOYMENT-v13.5.2.md,Documentation/Release History,Documentation,Historical release/test/deployment artifact unless specifically scoped
DEPLOYMENT-v13.5.3.md,Documentation/Release History,Documentation,Historical release/test/deployment artifact unless specifically scoped
DEPLOYMENT-v13.5.4.md,Documentation/Release History,Documentation,Historical release/test/deployment artifact unless specifically scoped
DEPLOYMENT-v13.5.5.md,Documentation/Release History,Documentation,Historical release/test/deployment artifact unless specifically scoped
DEPLOYMENT-v13.5.6.md,Documentation/Release History,Documentation,Historical release/test/deployment artifact unless specifically scoped
DEPLOYMENT-v13.50.0.md,Documentation/Release History,Documentation,Historical release/test/deployment artifact unless specifically scoped
DEPLOYMENT-v13.51.0.md,Documentation/Release History,Documentation,Historical release/test/deployment artifact unless specifically scoped
DEPLOYMENT-v13.52.0.md,Documentation/Release History,Documentation,Historical release/test/deployment artifact unless specifically scoped
DEPLOYMENT-v13.53.0.md,Documentation/Release History,Documentation,Historical release/test/deployment artifact unless specifically scoped
DEPLOYMENT-v13.54.0.md,Documentation/Release History,Documentation,Historical release/test/deployment artifact unless specifically scoped
DEPLOYMENT-v13.54.1.md,Documentation/Release History,Documentation,Historical release/test/deployment artifact unless specifically scoped
DEPLOYMENT-v13.54.2.md,Documentation/Release History,Documentation,Historical release/test/deployment artifact unless specifically scoped
DEPLOYMENT-v13.54.3.md,Documentation/Release History,Documentation,Historical release/test/deployment artifact unless specifically scoped
DEPLOYMENT-v13.54.4.md,Documentation/Release History,Documentation,Historical release/test/deployment artifact unless specifically scoped
DEPLOYMENT-v13.55.0.md,Documentation/Release History,Documentation,Historical release/test/deployment artifact unless specifically scoped
DEPLOYMENT-v13.56.0.md,Documentation/Release History,Documentation,Historical release/test/deployment artifact unless specifically scoped
DEPLOYMENT-v13.57.0.md,Documentation/Release History,Documentation,Historical release/test/deployment artifact unless specifically scoped
DEPLOYMENT-v13.58.0.md,Documentation/Release History,Documentation,Historical release/test/deployment artifact unless specifically scoped
DEPLOYMENT-v13.59.0.md,Documentation/Release History,Documentation,Historical release/test/deployment artifact unless specifically scoped
DEPLOYMENT-v13.6.0.md,Documentation/Release History,Documentation,Historical release/test/deployment artifact unless specifically scoped
DEPLOYMENT-v13.6.1.md,Documentation/Release History,Documentation,Historical release/test/deployment artifact unless specifically scoped
DEPLOYMENT-v13.6.10.md,Documentation/Release History,Documentation,Historical release/test/deployment artifact unless specifically scoped
DEPLOYMENT-v13.6.11.md,Documentation/Release History,Documentation,Historical release/test/deployment artifact unless specifically scoped
DEPLOYMENT-v13.6.2.md,Documentation/Release History,Documentation,Historical release/test/deployment artifact unless specifically scoped
DEPLOYMENT-v13.6.3.md,Documentation/Release History,Documentation,Historical release/test/deployment artifact unless specifically scoped
DEPLOYMENT-v13.6.4.md,Documentation/Release History,Documentation,Historical release/test/deployment artifact unless specifically scoped
DEPLOYMENT-v13.6.5.md,Documentation/Release History,Documentation,Historical release/test/deployment artifact unless specifically scoped
DEPLOYMENT-v13.6.6.md,Documentation/Release History,Documentation,Historical release/test/deployment artifact unless specifically scoped
DEPLOYMENT-v13.6.7.md,Documentation/Release History,Documentation,Historical release/test/deployment artifact unless specifically scoped
DEPLOYMENT-v13.6.8.md,Documentation/Release History,Documentation,Historical release/test/deployment artifact unless specifically scoped
DEPLOYMENT-v13.6.9.md,Documentation/Release History,Documentation,Historical release/test/deployment artifact unless specifically scoped
DEPLOYMENT-v13.60.0.md,Documentation/Release History,Documentation,Historical release/test/deployment artifact unless specifically scoped
DEPLOYMENT-v13.61.0.md,Documentation/Release History,Documentation,Historical release/test/deployment artifact unless specifically scoped
DEPLOYMENT-v13.61.1.md,Documentation/Release History,Documentation,Historical release/test/deployment artifact unless specifically scoped
DEPLOYMENT-v13.61.2.md,Documentation/Release History,Documentation,Historical release/test/deployment artifact unless specifically scoped
DEPLOYMENT-v13.62.0.md,Documentation/Release History,Documentation,Historical release/test/deployment artifact unless specifically scoped
DEPLOYMENT-v13.63.0.md,Documentation/Release History,Documentation,Historical release/test/deployment artifact unless specifically scoped
DEPLOYMENT-v13.63.1.md,Documentation/Release History,Documentation,Historical release/test/deployment artifact unless specifically scoped
DEPLOYMENT-v13.64.0.md,Documentation/Release History,Documentation,Historical release/test/deployment artifact unless specifically scoped
DEPLOYMENT-v13.65.0.md,Documentation/Release History,Documentation,Historical release/test/deployment artifact unless specifically scoped
DEPLOYMENT-v13.68.0.md,Documentation/Release History,Documentation,Historical release/test/deployment artifact unless specifically scoped
DEPLOYMENT-v13.68.1.md,Documentation/Release History,Documentation,Historical release/test/deployment artifact unless specifically scoped
DEPLOYMENT-v13.68.10.md,Documentation/Release History,Documentation,Historical release/test/deployment artifact unless specifically scoped
DEPLOYMENT-v13.68.11.md,Documentation/Release History,Documentation,Historical release/test/deployment artifact unless specifically scoped
DEPLOYMENT-v13.68.2.md,Documentation/Release History,Documentation,Historical release/test/deployment artifact unless specifically scoped
DEPLOYMENT-v13.68.3.md,Documentation/Release History,Documentation,Historical release/test/deployment artifact unless specifically scoped
DEPLOYMENT-v13.68.4.md,Documentation/Release History,Documentation,Historical release/test/deployment artifact unless specifically scoped
DEPLOYMENT-v13.68.5.md,Documentation/Release History,Documentation,Historical release/test/deployment artifact unless specifically scoped
DEPLOYMENT-v13.68.6.md,Documentation/Release History,Documentation,Historical release/test/deployment artifact unless specifically scoped
DEPLOYMENT-v13.68.7.md,Documentation/Release History,Documentation,Historical release/test/deployment artifact unless specifically scoped
DEPLOYMENT-v13.68.8.md,Documentation/Release History,Documentation,Historical release/test/deployment artifact unless specifically scoped
DEPLOYMENT-v13.68.9.md,Documentation/Release History,Documentation,Historical release/test/deployment artifact unless specifically scoped
DEPLOYMENT-v13.69.0.md,Documentation/Release History,Documentation,Historical release/test/deployment artifact unless specifically scoped
DEPLOYMENT-v13.69.1.md,Documentation/Release History,Documentation,Historical release/test/deployment artifact unless specifically scoped
DEPLOYMENT-v13.7.0.md,Documentation/Release History,Documentation,Historical release/test/deployment artifact unless specifically scoped
DEPLOYMENT-v13.7.1.md,Documentation/Release History,Documentation,Historical release/test/deployment artifact unless specifically scoped
DEPLOYMENT-v13.70.0.md,Documentation/Release History,Documentation,Historical release/test/deployment artifact unless specifically scoped
DEPLOYMENT-v13.70.1.md,Documentation/Release History,Documentation,Historical release/test/deployment artifact unless specifically scoped
DEPLOYMENT-v13.70.2.md,Documentation/Release History,Documentation,Historical release/test/deployment artifact unless specifically scoped
DEPLOYMENT-v13.71.0.md,Documentation/Release History,Documentation,Historical release/test/deployment artifact unless specifically scoped
DEPLOYMENT-v13.72.0.md,Documentation/Release History,Documentation,Historical release/test/deployment artifact unless specifically scoped
DEPLOYMENT-v13.73.0.md,Documentation/Release History,Documentation,Historical release/test/deployment artifact unless specifically scoped
DEPLOYMENT-v13.74.0.md,Documentation/Release History,Documentation,Historical release/test/deployment artifact unless specifically scoped
DEPLOYMENT-v13.75.0.md,Documentation/Release History,Documentation,Historical release/test/deployment artifact unless specifically scoped
DEPLOYMENT-v13.76.0.md,Documentation/Release History,Documentation,Historical release/test/deployment artifact unless specifically scoped
DEPLOYMENT-v13.77.0.md,Documentation/Release History,Documentation,Historical release/test/deployment artifact unless specifically scoped
DEPLOYMENT-v13.78.0.md,Documentation/Release History,Documentation,Historical release/test/deployment artifact unless specifically scoped
DEPLOYMENT-v13.79.0.md,Documentation/Release History,Documentation,Historical release/test/deployment artifact unless specifically scoped
DEPLOYMENT-v13.8.0.md,Documentation/Release History,Documentation,Historical release/test/deployment artifact unless specifically scoped
DEPLOYMENT-v13.8.1.1.md,Documentation/Release History,Documentation,Historical release/test/deployment artifact unless specifically scoped
DEPLOYMENT-v13.8.1.md,Documentation/Release History,Documentation,Historical release/test/deployment artifact unless specifically scoped
DEPLOYMENT-v13.80.0.md,Documentation/Release History,Documentation,Historical release/test/deployment artifact unless specifically scoped
DEPLOYMENT-v13.80.1.md,Documentation/Release History,Documentation,Historical release/test/deployment artifact unless specifically scoped
DEPLOYMENT-v13.80.2.md,Documentation/Release History,Documentation,Historical release/test/deployment artifact unless specifically scoped
DEPLOYMENT-v13.80.3.md,Documentation/Release History,Documentation,Historical release/test/deployment artifact unless specifically scoped
DEPLOYMENT-v13.81.0.md,Documentation/Release History,Documentation,Historical release/test/deployment artifact unless specifically scoped
DEPLOYMENT-v13.81.1.md,Documentation/Release History,Documentation,Historical release/test/deployment artifact unless specifically scoped
DEPLOYMENT-v13.81.2.md,Documentation/Release History,Documentation,Historical release/test/deployment artifact unless specifically scoped
DEPLOYMENT-v13.81.3.md,Documentation/Release History,Documentation,Historical release/test/deployment artifact unless specifically scoped
DEPLOYMENT-v13.81.4.md,Documentation/Release History,Documentation,Historical release/test/deployment artifact unless specifically scoped
DEPLOYMENT-v13.9.0.md,Documentation/Release History,Documentation,Historical release/test/deployment artifact unless specifically scoped
DEPLOYMENT-v13.9.1.1.md,Documentation/Release History,Documentation,Historical release/test/deployment artifact unless specifically scoped
DEPLOYMENT-v13.9.1.2.md,Documentation/Release History,Documentation,Historical release/test/deployment artifact unless specifically scoped
DEPLOYMENT-v13.9.1.md,Documentation/Release History,Documentation,Historical release/test/deployment artifact unless specifically scoped
DEPLOYMENT-v9.21.0.md,Documentation/Release History,Documentation,Historical release/test/deployment artifact unless specifically scoped
DEPLOYMENT-v9.22.0.md,Documentation/Release History,Documentation,Historical release/test/deployment artifact unless specifically scoped
DEPLOYMENT-v9.22.1.md,Documentation/Release History,Documentation,Historical release/test/deployment artifact unless specifically scoped
DEPLOYMENT-v9.22.2.md,Documentation/Release History,Documentation,Historical release/test/deployment artifact unless specifically scoped
DEPLOYMENT-v9.22.3.md,Documentation/Release History,Documentation,Historical release/test/deployment artifact unless specifically scoped
DEPLOYMENT-v9.22.4.md,Documentation/Release History,Documentation,Historical release/test/deployment artifact unless specifically scoped
DEPLOYMENT-v9.22.5.md,Documentation/Release History,Documentation,Historical release/test/deployment artifact unless specifically scoped
DEPLOYMENT-v9.22.6.md,Documentation/Release History,Documentation,Historical release/test/deployment artifact unless specifically scoped
DEPLOYMENT-v9.22.7.md,Documentation/Release History,Documentation,Historical release/test/deployment artifact unless specifically scoped
Elio.pdf,Repository/Other,Asset/Other,Non-critical repository artifact
INVENTORY-DIAGNOSTICS-v13.27.5.md,Documentation/Release History,Documentation,Historical release/test/deployment artifact unless specifically scoped
INVENTORY-LIVE-MOMENTS-v13.27.5.md,Documentation/Release History,Documentation,Historical release/test/deployment artifact unless specifically scoped
INVENTORY-MEDIA-v13.27.5.md,Documentation/Release History,Documentation,Historical release/test/deployment artifact unless specifically scoped
INVENTORY-PLACE-CORE-v13.27.5.md,Documentation/Release History,Documentation,Historical release/test/deployment artifact unless specifically scoped
INVENTORY-SERVICES-v13.27.5.md,Documentation/Release History,Documentation,Historical release/test/deployment artifact unless specifically scoped
INVENTORY-STORAGE-v13.27.5.md,Documentation/Release History,Documentation,Historical release/test/deployment artifact unless specifically scoped
INVENTORY-v10.0.0.md,Documentation/Release History,Documentation,Historical release/test/deployment artifact unless specifically scoped
LUVIA-AI-SETUP-v13.17.0.md,Documentation/Release History,Documentation,Historical release/test/deployment artifact unless specifically scoped
LUVIA-BUDGET-SETUP.sql,Documentation/Release History,Documentation,Historical release/test/deployment artifact unless specifically scoped
LUVIA-CLOUD-TRAVEL-MANAGEMENT.sql,Documentation/Release History,Documentation,Historical release/test/deployment artifact unless specifically scoped
LUVIA-MODULE-CONFIG-SETUP.sql,Documentation/Release History,Documentation,Historical release/test/deployment artifact unless specifically scoped
LUVIA-PEOPLE-LIVE-MAP-SETUP.sql,Documentation/Release History,Documentation,Historical release/test/deployment artifact unless specifically scoped
LUVIA-REMINDERS-SETUP.sql,Documentation/Release History,Documentation,Historical release/test/deployment artifact unless specifically scoped
LUVIA-TRIP-FUNCTION-PERMISSIONS.sql,Documentation/Release History,Documentation,Historical release/test/deployment artifact unless specifically scoped
MIGRATION-PLAN-MEDIA-v13.27.5.md,Documentation/Release History,Documentation,Historical release/test/deployment artifact unless specifically scoped
MIGRATION-RECOVERY-v13.18.0.md,Documentation/Release History,Documentation,Historical release/test/deployment artifact unless specifically scoped
MIGRATION-VERIFICATION-v13.28.0.md,Documentation/Release History,Documentation,Historical release/test/deployment artifact unless specifically scoped
PARIS-BUDGET-SETUP.sql,Documentation/Release History,Documentation,Historical release/test/deployment artifact unless specifically scoped
PARIS-CLOUD-TRAVEL-MANAGEMENT.sql,Documentation/Release History,Documentation,Historical release/test/deployment artifact unless specifically scoped
PARIS-DAY-CLOSURE-SETUP.sql,Documentation/Release History,Documentation,Historical release/test/deployment artifact unless specifically scoped
PARIS-PEOPLE-LIVE-MAP-SETUP.sql,Documentation/Release History,Documentation,Historical release/test/deployment artifact unless specifically scoped
PARIS-PROFIL-UND-REISEN.txt,Documentation/Release History,Documentation,Historical release/test/deployment artifact unless specifically scoped
PARIS-REMINDERS-SETUP.sql,Documentation/Release History,Documentation,Historical release/test/deployment artifact unless specifically scoped
PARIS-TO-LUVIA-NAMESPACE-AUDIT-v13.68.6.md,Documentation/Release History,Documentation,Historical release/test/deployment artifact unless specifically scoped
PARIS-TRIP-FUNCTION-PERMISSIONS.sql,Documentation/Release History,Documentation,Historical release/test/deployment artifact unless specifically scoped
README-AKTIVITAETSFEED-V2.txt,Documentation/Release History,Documentation,Historical release/test/deployment artifact unless specifically scoped
README-AKTIVITAETSPROTOKOLL-REALTIME.txt,Documentation/Release History,Documentation,Historical release/test/deployment artifact unless specifically scoped
README-AUTH-MODUL.txt,Documentation/Release History,Documentation,Historical release/test/deployment artifact unless specifically scoped
README-AUTH-UPGRADE-WIZARD.txt,Documentation/Release History,Documentation,Historical release/test/deployment artifact unless specifically scoped
README-CORE-V2.12.3.1-DESTINATION-AWARE-RESTAURANT-SEARCH.md,Documentation/Release History,Documentation,Historical release/test/deployment artifact unless specifically scoped
README-CORE-V2.12.4-RESTAURANT-EXPERIENCE.md,Documentation/Release History,Documentation,Historical release/test/deployment artifact unless specifically scoped
README-CORE-V2.12.4.2-RESTAURANT-BRANDING-DESTINATION-FIX.md,Documentation/Release History,Documentation,Historical release/test/deployment artifact unless specifically scoped
README-CORE-V2.12.4.3-RESTAURANT-FAVORITES-FILTER-FIX.md,Documentation/Release History,Documentation,Historical release/test/deployment artifact unless specifically scoped
README-CORE-V2.12.4.4-RESTAURANT-EXPERIENCE-FINAL-POLISH.md,Documentation/Release History,Documentation,Historical release/test/deployment artifact unless specifically scoped
README-CORE-V3.4.2-LIVE-COLLABORATION.md,Documentation/Release History,Documentation,Historical release/test/deployment artifact unless specifically scoped
README-CORE-V3.5.2-CENTRAL-TRAVEL-PREFERENCES.md,Documentation/Release History,Documentation,Historical release/test/deployment artifact unless specifically scoped
README-DEPLOY-LUVIA-GATEWAY-V2.11.2.txt,Documentation/Release History,Documentation,Historical release/test/deployment artifact unless specifically scoped
README-DEPLOY-LUVIA-GATEWAY-V2.11.3.txt,Documentation/Release History,Documentation,Historical release/test/deployment artifact unless specifically scoped
README-DEPLOY-LUVIA-GATEWAY-V2.11.4.txt,Documentation/Release History,Documentation,Historical release/test/deployment artifact unless specifically scoped
README-ENTRY-V8.txt,Documentation/Release History,Documentation,Historical release/test/deployment artifact unless specifically scoped
README-ENTRY-V9.txt,Documentation/Release History,Documentation,Historical release/test/deployment artifact unless specifically scoped
README-LIVE-MOMENTS-SYNC.txt,Documentation/Release History,Documentation,Historical release/test/deployment artifact unless specifically scoped
README-LOGIN-FIRST-V5.txt,Documentation/Release History,Documentation,Historical release/test/deployment artifact unless specifically scoped
README-LOGIN-GATE-V6.txt,Documentation/Release History,Documentation,Historical release/test/deployment artifact unless specifically scoped
README-LUVIA-2.0.txt,Documentation/Release History,Documentation,Historical release/test/deployment artifact unless specifically scoped
README-LUVIA-2.1.txt,Documentation/Release History,Documentation,Historical release/test/deployment artifact unless specifically scoped
README-LUVIA-3.0-PAKET-1.txt,Documentation/Release History,Documentation,Historical release/test/deployment artifact unless specifically scoped
README-LUVIA-3.1-DASHBOARD.txt,Documentation/Release History,Documentation,Historical release/test/deployment artifact unless specifically scoped
README-LUVIA-3.1-GALLERY-STORAGE-CLOUD-FIX.txt,Documentation/Release History,Documentation,Historical release/test/deployment artifact unless specifically scoped
README-LUVIA-3.1-MOBILE-BAR-GALLERY-FIX.txt,Documentation/Release History,Documentation,Historical release/test/deployment artifact unless specifically scoped
README-LUVIA-3.1-TRIP-CONTEXT-FIX.txt,Documentation/Release History,Documentation,Historical release/test/deployment artifact unless specifically scoped
README-LUVIA-3.1.1-TRIPBAR-DASHBOARD-FIX.txt,Documentation/Release History,Documentation,Historical release/test/deployment artifact unless specifically scoped
README-LUVIA-3.2-MODULAR.txt,Documentation/Release History,Documentation,Historical release/test/deployment artifact unless specifically scoped
README-LUVIA-3.2.1-MODULE-ISOLATION.txt,Documentation/Release History,Documentation,Historical release/test/deployment artifact unless specifically scoped
README-LUVIA-3.2.2-PARIS-RESTORE-CLOUD-FIX.txt,Documentation/Release History,Documentation,Historical release/test/deployment artifact unless specifically scoped
README-LUVIA-4-SEPARATED-ARCHITECTURE.txt,Documentation/Release History,Documentation,Historical release/test/deployment artifact unless specifically scoped
README-LUVIA-4.2-STRICT-MODULE-VISIBILITY.txt,Documentation/Release History,Documentation,Historical release/test/deployment artifact unless specifically scoped
README-LUVIA-5-APP-SHELL.txt,Documentation/Release History,Documentation,Historical release/test/deployment artifact unless specifically scoped
README-LUVIA-5.1-FUNCTIONAL-MODULES.txt,Documentation/Release History,Documentation,Historical release/test/deployment artifact unless specifically scoped
README-LUVIA-5.2-RECOVERY.txt,Documentation/Release History,Documentation,Historical release/test/deployment artifact unless specifically scoped
README-LUVIA-6.0-ECHTE-APP-SHELL.txt,Documentation/Release History,Documentation,Historical release/test/deployment artifact unless specifically scoped
README-LUVIA-6.1-DASHBOARD-SHELL.txt,Documentation/Release History,Documentation,Historical release/test/deployment artifact unless specifically scoped
README-LUVIA-6.2-DESIGN-SWIPE.txt,Documentation/Release History,Documentation,Historical release/test/deployment artifact unless specifically scoped
README-LUVIA-6.3-GLOBAL-DESIGN.txt,Documentation/Release History,Documentation,Historical release/test/deployment artifact unless specifically scoped
README-LUVIA-7.0-MODULE-RELIABILITY.txt,Documentation/Release History,Documentation,Historical release/test/deployment artifact unless specifically scoped
README-LUVIA-7.1-MODULE-STAGE-TRIPBAR.txt,Documentation/Release History,Documentation,Historical release/test/deployment artifact unless specifically scoped
README-LUVIA-7.2-ACCENT-UNIFICATION.txt,Documentation/Release History,Documentation,Historical release/test/deployment artifact unless specifically scoped
README-LUVIA-8.0-MODULE-ARCHITECTURE.txt,Documentation/Release History,Documentation,Historical release/test/deployment artifact unless specifically scoped
README-LUVIA-8.1-ACCENT-TRANSITION.txt,Documentation/Release History,Documentation,Historical release/test/deployment artifact unless specifically scoped
README-LUVIA-8.2-SEAMLESS-ACCENT-ASSETS.txt,Documentation/Release History,Documentation,Historical release/test/deployment artifact unless specifically scoped
README-LUVIA-8.2.1-WHITE-SCREEN-HOTFIX.txt,Documentation/Release History,Documentation,Historical release/test/deployment artifact unless specifically scoped
README-LUVIA-8.5-NEUTRAL-APPS-DYNAMIC-DESTINATION.txt,Documentation/Release History,Documentation,Historical release/test/deployment artifact unless specifically scoped
README-LUVIA-8.6-CONTRAST-SCROLL.txt,Documentation/Release History,Documentation,Historical release/test/deployment artifact unless specifically scoped
README-LUVIA-9.0-RESTAURANTS-V2.txt,Documentation/Release History,Documentation,Historical release/test/deployment artifact unless specifically scoped
README-LUVIA-9.1-RESTAURANTS-FULL-V2.txt,Documentation/Release History,Documentation,Historical release/test/deployment artifact unless specifically scoped
README-LUVIA-9.10-CORE-V2.4.4-DEVELOPER-CONSOLE.txt,Documentation/Release History,Documentation,Historical release/test/deployment artifact unless specifically scoped
README-LUVIA-9.11-CORE-V2.5-DEPLOYMENT-PLATFORM.txt,Documentation/Release History,Documentation,Historical release/test/deployment artifact unless specifically scoped
README-LUVIA-9.11.1-CORE-V2.5.1-MAINTENANCE.txt,Documentation/Release History,Documentation,Historical release/test/deployment artifact unless specifically scoped
README-LUVIA-9.12-CORE-V2.5.2-MYLUVIA-DEPLOYMENT.txt,Documentation/Release History,Documentation,Historical release/test/deployment artifact unless specifically scoped
README-LUVIA-9.13-CORE-V2.6-PWA-FOUNDATION.txt,Documentation/Release History,Documentation,Historical release/test/deployment artifact unless specifically scoped
README-LUVIA-9.15-CORE-V2.8-PLATFORM-LAYER.txt,Documentation/Release History,Documentation,Historical release/test/deployment artifact unless specifically scoped
README-LUVIA-9.15.1-CORE-V2.8.1-MAINTENANCE.txt,Documentation/Release History,Documentation,Historical release/test/deployment artifact unless specifically scoped
README-LUVIA-9.16-CORE-V2.9-DESTINATION-SERVICE.txt,Documentation/Release History,Documentation,Historical release/test/deployment artifact unless specifically scoped
README-LUVIA-9.17-CORE-V2.10-SECURE-BACKEND.txt,Documentation/Release History,Documentation,Historical release/test/deployment artifact unless specifically scoped
README-LUVIA-9.18-CORE-V2.11-PLACES-GATEWAY.txt,Documentation/Release History,Documentation,Historical release/test/deployment artifact unless specifically scoped
README-LUVIA-9.18.1-CORE-V2.11-PLACES-GATEWAY-MAINTENANCE.txt,Documentation/Release History,Documentation,Historical release/test/deployment artifact unless specifically scoped
README-LUVIA-9.19.2-CORE-V2.12.2-RESTAURANT-SCHEMA.txt,Documentation/Release History,Documentation,Historical release/test/deployment artifact unless specifically scoped
README-LUVIA-9.19.3-CORE-V2.12.2-RESTAURANT-SCHEMA.txt,Documentation/Release History,Documentation,Historical release/test/deployment artifact unless specifically scoped
README-LUVIA-9.2-RESTAURANTS-V2.2.txt,Documentation/Release History,Documentation,Historical release/test/deployment artifact unless specifically scoped
README-LUVIA-9.3-INTELLIGENCE-CORE-V1.txt,Documentation/Release History,Documentation,Historical release/test/deployment artifact unless specifically scoped
README-LUVIA-9.4-CORE-V2.1-DATABASE.txt,Documentation/Release History,Documentation,Historical release/test/deployment artifact unless specifically scoped
README-LUVIA-9.5-CORE-V2.2-DATA-LAYER.txt,Documentation/Release History,Documentation,Historical release/test/deployment artifact unless specifically scoped
README-LUVIA-9.5.1-CORE-V2.2.1-PERMISSIONS.txt,Documentation/Release History,Documentation,Historical release/test/deployment artifact unless specifically scoped
README-LUVIA-9.5.2-CORE-V2.2.2-DIAGNOSTICS.txt,Documentation/Release History,Documentation,Historical release/test/deployment artifact unless specifically scoped
README-LUVIA-9.6-CORE-V2.3-ENVIRONMENT.txt,Documentation/Release History,Documentation,Historical release/test/deployment artifact unless specifically scoped
README-LUVIA-9.7-CORE-V2.4.1-KERNEL.txt,Documentation/Release History,Documentation,Historical release/test/deployment artifact unless specifically scoped
README-LUVIA-9.8-CORE-V2.4.2-SERVICE-REGISTRY.txt,Documentation/Release History,Documentation,Historical release/test/deployment artifact unless specifically scoped
README-LUVIA-9.9-CORE-V2.4.3-EVENT-BUS.txt,Documentation/Release History,Documentation,Historical release/test/deployment artifact unless specifically scoped
README-PROFILE-TRIP-V13.txt,Documentation/Release History,Documentation,Historical release/test/deployment artifact unless specifically scoped
README-REALTIME-UI-FIX.txt,Documentation/Release History,Documentation,Historical release/test/deployment artifact unless specifically scoped
README-ROMANTIC-ENTRY-V7.txt,Documentation/Release History,Documentation,Historical release/test/deployment artifact unless specifically scoped
README-SUPABASE.txt,Documentation/Release History,Documentation,Historical release/test/deployment artifact unless specifically scoped
README-SYNC-STEP-2.txt,Documentation/Release History,Documentation,Historical release/test/deployment artifact unless specifically scoped
README-TEILNEHMER-LIVE-KARTE.txt,Documentation/Release History,Documentation,Historical release/test/deployment artifact unless specifically scoped
README-TRIP-CREATOR-V11.txt,Documentation/Release History,Documentation,Historical release/test/deployment artifact unless specifically scoped
README-TRIP-MANAGEMENT-V10.txt,Documentation/Release History,Documentation,Historical release/test/deployment artifact unless specifically scoped
README-TRIP-ROLES-V12.txt,Documentation/Release History,Documentation,Historical release/test/deployment artifact unless specifically scoped
README.md,Documentation/Release History,Documentation,Historical release/test/deployment artifact unless specifically scoped
README.txt,Documentation/Release History,Documentation,Historical release/test/deployment artifact unless specifically scoped
REISEZEIT-OWNER-REPAIR-V13.sql,Documentation/Release History,Documentation,Historical release/test/deployment artifact unless specifically scoped
RELEASE-NOTES-v12.1.2.md,Documentation/Release History,Documentation,Historical release/test/deployment artifact unless specifically scoped
RELEASE-v10.0.0.md,Documentation/Release History,Documentation,Historical release/test/deployment artifact unless specifically scoped
RELEASE-v10.1.0.md,Documentation/Release History,Documentation,Historical release/test/deployment artifact unless specifically scoped
RELEASE-v10.2.0.md,Documentation/Release History,Documentation,Historical release/test/deployment artifact unless specifically scoped
RELEASE-v11.0.0.md,Documentation/Release History,Documentation,Historical release/test/deployment artifact unless specifically scoped
RELEASE-v11.1.0.md,Documentation/Release History,Documentation,Historical release/test/deployment artifact unless specifically scoped
RELEASE-v11.2.0.md,Documentation/Release History,Documentation,Historical release/test/deployment artifact unless specifically scoped
RELEASE-v11.2.1.md,Documentation/Release History,Documentation,Historical release/test/deployment artifact unless specifically scoped
RELEASE-v11.2.10.md,Documentation/Release History,Documentation,Historical release/test/deployment artifact unless specifically scoped
RELEASE-v11.2.11.md,Documentation/Release History,Documentation,Historical release/test/deployment artifact unless specifically scoped
RELEASE-v11.2.12.md,Documentation/Release History,Documentation,Historical release/test/deployment artifact unless specifically scoped
RELEASE-v11.2.13.md,Documentation/Release History,Documentation,Historical release/test/deployment artifact unless specifically scoped
RELEASE-v11.2.2.md,Documentation/Release History,Documentation,Historical release/test/deployment artifact unless specifically scoped
RELEASE-v11.2.3.md,Documentation/Release History,Documentation,Historical release/test/deployment artifact unless specifically scoped
RELEASE-v11.2.4.md,Documentation/Release History,Documentation,Historical release/test/deployment artifact unless specifically scoped
RELEASE-v11.2.5.md,Documentation/Release History,Documentation,Historical release/test/deployment artifact unless specifically scoped
RELEASE-v11.2.6.md,Documentation/Release History,Documentation,Historical release/test/deployment artifact unless specifically scoped
RELEASE-v11.2.7.md,Documentation/Release History,Documentation,Historical release/test/deployment artifact unless specifically scoped
RELEASE-v11.2.8.md,Documentation/Release History,Documentation,Historical release/test/deployment artifact unless specifically scoped
RELEASE-v11.2.9.md,Documentation/Release History,Documentation,Historical release/test/deployment artifact unless specifically scoped
RELEASE-v11.3.0.md,Documentation/Release History,Documentation,Historical release/test/deployment artifact unless specifically scoped
RELEASE-v11.3.1.md,Documentation/Release History,Documentation,Historical release/test/deployment artifact unless specifically scoped
RELEASE-v11.3.2.md,Documentation/Release History,Documentation,Historical release/test/deployment artifact unless specifically scoped
RELEASE-v11.3.3.md,Documentation/Release History,Documentation,Historical release/test/deployment artifact unless specifically scoped
RELEASE-v11.4.0.md,Documentation/Release History,Documentation,Historical release/test/deployment artifact unless specifically scoped
RELEASE-v11.5.0.md,Documentation/Release History,Documentation,Historical release/test/deployment artifact unless specifically scoped
RELEASE-v11.5.1.md,Documentation/Release History,Documentation,Historical release/test/deployment artifact unless specifically scoped
RELEASE-v11.6.0.md,Documentation/Release History,Documentation,Historical release/test/deployment artifact unless specifically scoped
RELEASE-v11.6.1.md,Documentation/Release History,Documentation,Historical release/test/deployment artifact unless specifically scoped
RELEASE-v11.6.2.md,Documentation/Release History,Documentation,Historical release/test/deployment artifact unless specifically scoped
RELEASE-v11.6.3.md,Documentation/Release History,Documentation,Historical release/test/deployment artifact unless specifically scoped
RELEASE-v11.7.0.md,Documentation/Release History,Documentation,Historical release/test/deployment artifact unless specifically scoped
RELEASE-v11.7.1.md,Documentation/Release History,Documentation,Historical release/test/deployment artifact unless specifically scoped
RELEASE-v11.7.2.md,Documentation/Release History,Documentation,Historical release/test/deployment artifact unless specifically scoped
RELEASE-v11.8.0.md,Documentation/Release History,Documentation,Historical release/test/deployment artifact unless specifically scoped
RELEASE-v11.8.1.md,Documentation/Release History,Documentation,Historical release/test/deployment artifact unless specifically scoped
RELEASE-v11.8.2.md,Documentation/Release History,Documentation,Historical release/test/deployment artifact unless specifically scoped
RELEASE-v11.9.0.md,Documentation/Release History,Documentation,Historical release/test/deployment artifact unless specifically scoped
RELEASE-v11.9.1.md,Documentation/Release History,Documentation,Historical release/test/deployment artifact unless specifically scoped
RELEASE-v12.0.0.md,Documentation/Release History,Documentation,Historical release/test/deployment artifact unless specifically scoped
RELEASE-v12.0.1.md,Documentation/Release History,Documentation,Historical release/test/deployment artifact unless specifically scoped
RELEASE-v12.1.0.md,Documentation/Release History,Documentation,Historical release/test/deployment artifact unless specifically scoped
RELEASE-v12.1.1.md,Documentation/Release History,Documentation,Historical release/test/deployment artifact unless specifically scoped
RELEASE-v12.1.3.md,Documentation/Release History,Documentation,Historical release/test/deployment artifact unless specifically scoped
RELEASE-v13.0.0.md,Documentation/Release History,Documentation,Historical release/test/deployment artifact unless specifically scoped
RELEASE-v13.0.1.md,Documentation/Release History,Documentation,Historical release/test/deployment artifact unless specifically scoped
RELEASE-v13.0.2.1.md,Documentation/Release History,Documentation,Historical release/test/deployment artifact unless specifically scoped
RELEASE-v13.0.2.md,Documentation/Release History,Documentation,Historical release/test/deployment artifact unless specifically scoped
RELEASE-v13.0.3.1.md,Documentation/Release History,Documentation,Historical release/test/deployment artifact unless specifically scoped
RELEASE-v13.0.3.2.md,Documentation/Release History,Documentation,Historical release/test/deployment artifact unless specifically scoped
RELEASE-v13.0.3.3.md,Documentation/Release History,Documentation,Historical release/test/deployment artifact unless specifically scoped
RELEASE-v13.0.3.4.md,Documentation/Release History,Documentation,Historical release/test/deployment artifact unless specifically scoped
RELEASE-v13.0.3.5.md,Documentation/Release History,Documentation,Historical release/test/deployment artifact unless specifically scoped
RELEASE-v13.0.3.md,Documentation/Release History,Documentation,Historical release/test/deployment artifact unless specifically scoped
RELEASE-v13.0.4.1.md,Documentation/Release History,Documentation,Historical release/test/deployment artifact unless specifically scoped
RELEASE-v13.0.4.2.md,Documentation/Release History,Documentation,Historical release/test/deployment artifact unless specifically scoped
RELEASE-v13.0.4.3.md,Documentation/Release History,Documentation,Historical release/test/deployment artifact unless specifically scoped
RELEASE-v13.0.4.4.md,Documentation/Release History,Documentation,Historical release/test/deployment artifact unless specifically scoped
RELEASE-v13.0.4.5.md,Documentation/Release History,Documentation,Historical release/test/deployment artifact unless specifically scoped
RELEASE-v13.0.4.6.md,Documentation/Release History,Documentation,Historical release/test/deployment artifact unless specifically scoped
RELEASE-v13.0.4.md,Documentation/Release History,Documentation,Historical release/test/deployment artifact unless specifically scoped
RELEASE-v13.1.0.1.md,Documentation/Release History,Documentation,Historical release/test/deployment artifact unless specifically scoped
RELEASE-v13.1.0.2.md,Documentation/Release History,Documentation,Historical release/test/deployment artifact unless specifically scoped
RELEASE-v13.1.0.md,Documentation/Release History,Documentation,Historical release/test/deployment artifact unless specifically scoped
RELEASE-v13.1.1.1.md,Documentation/Release History,Documentation,Historical release/test/deployment artifact unless specifically scoped
RELEASE-v13.1.1.2.md,Documentation/Release History,Documentation,Historical release/test/deployment artifact unless specifically scoped
RELEASE-v13.1.1.md,Documentation/Release History,Documentation,Historical release/test/deployment artifact unless specifically scoped
RELEASE-v13.1.2.md,Documentation/Release History,Documentation,Historical release/test/deployment artifact unless specifically scoped
RELEASE-v13.1.3.1.md,Documentation/Release History,Documentation,Historical release/test/deployment artifact unless specifically scoped
RELEASE-v13.1.3.10.md,Documentation/Release History,Documentation,Historical release/test/deployment artifact unless specifically scoped
RELEASE-v13.1.3.11.md,Documentation/Release History,Documentation,Historical release/test/deployment artifact unless specifically scoped
RELEASE-v13.1.3.12.md,Documentation/Release History,Documentation,Historical release/test/deployment artifact unless specifically scoped
RELEASE-v13.1.3.13.md,Documentation/Release History,Documentation,Historical release/test/deployment artifact unless specifically scoped
RELEASE-v13.1.3.2.md,Documentation/Release History,Documentation,Historical release/test/deployment artifact unless specifically scoped
RELEASE-v13.1.3.3.md,Documentation/Release History,Documentation,Historical release/test/deployment artifact unless specifically scoped
RELEASE-v13.1.3.4.md,Documentation/Release History,Documentation,Historical release/test/deployment artifact unless specifically scoped
RELEASE-v13.1.3.5.md,Documentation/Release History,Documentation,Historical release/test/deployment artifact unless specifically scoped
RELEASE-v13.1.3.6.md,Documentation/Release History,Documentation,Historical release/test/deployment artifact unless specifically scoped
RELEASE-v13.1.3.7.md,Documentation/Release History,Documentation,Historical release/test/deployment artifact unless specifically scoped
RELEASE-v13.1.3.8.md,Documentation/Release History,Documentation,Historical release/test/deployment artifact unless specifically scoped
RELEASE-v13.1.3.9.md,Documentation/Release History,Documentation,Historical release/test/deployment artifact unless specifically scoped
RELEASE-v13.1.3.md,Documentation/Release History,Documentation,Historical release/test/deployment artifact unless specifically scoped
RELEASE-v13.10.0.md,Documentation/Release History,Documentation,Historical release/test/deployment artifact unless specifically scoped
RELEASE-v13.14.0.md,Documentation/Release History,Documentation,Historical release/test/deployment artifact unless specifically scoped
RELEASE-v13.15.0.md,Documentation/Release History,Documentation,Historical release/test/deployment artifact unless specifically scoped
RELEASE-v13.16.0.md,Documentation/Release History,Documentation,Historical release/test/deployment artifact unless specifically scoped
RELEASE-v13.16.1.md,Documentation/Release History,Documentation,Historical release/test/deployment artifact unless specifically scoped
RELEASE-v13.16.2.md,Documentation/Release History,Documentation,Historical release/test/deployment artifact unless specifically scoped
RELEASE-v13.17.0.md,Documentation/Release History,Documentation,Historical release/test/deployment artifact unless specifically scoped
RELEASE-v13.18.0.md,Documentation/Release History,Documentation,Historical release/test/deployment artifact unless specifically scoped
RELEASE-v13.19.1.md,Documentation/Release History,Documentation,Historical release/test/deployment artifact unless specifically scoped
RELEASE-v13.19.2.md,Documentation/Release History,Documentation,Historical release/test/deployment artifact unless specifically scoped
RELEASE-v13.2.0.1.md,Documentation/Release History,Documentation,Historical release/test/deployment artifact unless specifically scoped
RELEASE-v13.2.0.2.md,Documentation/Release History,Documentation,Historical release/test/deployment artifact unless specifically scoped
RELEASE-v13.2.0.3.md,Documentation/Release History,Documentation,Historical release/test/deployment artifact unless specifically scoped
RELEASE-v13.2.0.md,Documentation/Release History,Documentation,Historical release/test/deployment artifact unless specifically scoped
RELEASE-v13.20.0.md,Documentation/Release History,Documentation,Historical release/test/deployment artifact unless specifically scoped
RELEASE-v13.20.1.md,Documentation/Release History,Documentation,Historical release/test/deployment artifact unless specifically scoped
RELEASE-v13.21.0.md,Documentation/Release History,Documentation,Historical release/test/deployment artifact unless specifically scoped
RELEASE-v13.22.0.md,Documentation/Release History,Documentation,Historical release/test/deployment artifact unless specifically scoped
RELEASE-v13.22.1.md,Documentation/Release History,Documentation,Historical release/test/deployment artifact unless specifically scoped
RELEASE-v13.23.0.md,Documentation/Release History,Documentation,Historical release/test/deployment artifact unless specifically scoped
RELEASE-v13.23.1.md,Documentation/Release History,Documentation,Historical release/test/deployment artifact unless specifically scoped
RELEASE-v13.24.0.md,Documentation/Release History,Documentation,Historical release/test/deployment artifact unless specifically scoped
RELEASE-v13.24.1.md,Documentation/Release History,Documentation,Historical release/test/deployment artifact unless specifically scoped
RELEASE-v13.25.0.md,Documentation/Release History,Documentation,Historical release/test/deployment artifact unless specifically scoped
RELEASE-v13.26.0.md,Documentation/Release History,Documentation,Historical release/test/deployment artifact unless specifically scoped
RELEASE-v13.26.1.md,Documentation/Release History,Documentation,Historical release/test/deployment artifact unless specifically scoped
RELEASE-v13.26.2.md,Documentation/Release History,Documentation,Historical release/test/deployment artifact unless specifically scoped
RELEASE-v13.27.0.md,Documentation/Release History,Documentation,Historical release/test/deployment artifact unless specifically scoped
RELEASE-v13.27.1.md,Documentation/Release History,Documentation,Historical release/test/deployment artifact unless specifically scoped
RELEASE-v13.27.2.md,Documentation/Release History,Documentation,Historical release/test/deployment artifact unless specifically scoped
RELEASE-v13.27.3.md,Documentation/Release History,Documentation,Historical release/test/deployment artifact unless specifically scoped
RELEASE-v13.27.4.md,Documentation/Release History,Documentation,Historical release/test/deployment artifact unless specifically scoped
RELEASE-v13.27.5.1.md,Documentation/Release History,Documentation,Historical release/test/deployment artifact unless specifically scoped
RELEASE-v13.27.5.md,Documentation/Release History,Documentation,Historical release/test/deployment artifact unless specifically scoped
RELEASE-v13.28.0.md,Documentation/Release History,Documentation,Historical release/test/deployment artifact unless specifically scoped
RELEASE-v13.28.1.1.md,Documentation/Release History,Documentation,Historical release/test/deployment artifact unless specifically scoped
RELEASE-v13.28.1.2.md,Documentation/Release History,Documentation,Historical release/test/deployment artifact unless specifically scoped
RELEASE-v13.28.1.3.md,Documentation/Release History,Documentation,Historical release/test/deployment artifact unless specifically scoped
RELEASE-v13.28.1.md,Documentation/Release History,Documentation,Historical release/test/deployment artifact unless specifically scoped
RELEASE-v13.28.2.1.md,Documentation/Release History,Documentation,Historical release/test/deployment artifact unless specifically scoped
RELEASE-v13.28.2.2.md,Documentation/Release History,Documentation,Historical release/test/deployment artifact unless specifically scoped
RELEASE-v13.28.2.md,Documentation/Release History,Documentation,Historical release/test/deployment artifact unless specifically scoped
RELEASE-v13.28.3.md,Documentation/Release History,Documentation,Historical release/test/deployment artifact unless specifically scoped
RELEASE-v13.28.4.1.md,Documentation/Release History,Documentation,Historical release/test/deployment artifact unless specifically scoped
RELEASE-v13.28.4.md,Documentation/Release History,Documentation,Historical release/test/deployment artifact unless specifically scoped
RELEASE-v13.28.5.1.md,Documentation/Release History,Documentation,Historical release/test/deployment artifact unless specifically scoped
RELEASE-v13.28.5.2.md,Documentation/Release History,Documentation,Historical release/test/deployment artifact unless specifically scoped
RELEASE-v13.28.5.3.md,Documentation/Release History,Documentation,Historical release/test/deployment artifact unless specifically scoped
RELEASE-v13.28.5.md,Documentation/Release History,Documentation,Historical release/test/deployment artifact unless specifically scoped
RELEASE-v13.28.6.1.md,Documentation/Release History,Documentation,Historical release/test/deployment artifact unless specifically scoped
RELEASE-v13.28.6.2.md,Documentation/Release History,Documentation,Historical release/test/deployment artifact unless specifically scoped
RELEASE-v13.28.6.3.md,Documentation/Release History,Documentation,Historical release/test/deployment artifact unless specifically scoped
RELEASE-v13.28.6.4.md,Documentation/Release History,Documentation,Historical release/test/deployment artifact unless specifically scoped
RELEASE-v13.28.6.5.md,Documentation/Release History,Documentation,Historical release/test/deployment artifact unless specifically scoped
RELEASE-v13.28.6.6.md,Documentation/Release History,Documentation,Historical release/test/deployment artifact unless specifically scoped
RELEASE-v13.28.6.7.md,Documentation/Release History,Documentation,Historical release/test/deployment artifact unless specifically scoped
RELEASE-v13.28.6.8.md,Documentation/Release History,Documentation,Historical release/test/deployment artifact unless specifically scoped
RELEASE-v13.28.6.md,Documentation/Release History,Documentation,Historical release/test/deployment artifact unless specifically scoped
RELEASE-v13.28.7.1.md,Documentation/Release History,Documentation,Historical release/test/deployment artifact unless specifically scoped
RELEASE-v13.28.7.2.md,Documentation/Release History,Documentation,Historical release/test/deployment artifact unless specifically scoped
RELEASE-v13.28.7.md,Documentation/Release History,Documentation,Historical release/test/deployment artifact unless specifically scoped
RELEASE-v13.29.0.1.md,Documentation/Release History,Documentation,Historical release/test/deployment artifact unless specifically scoped
RELEASE-v13.29.0.2.md,Documentation/Release History,Documentation,Historical release/test/deployment artifact unless specifically scoped
RELEASE-v13.29.0.md,Documentation/Release History,Documentation,Historical release/test/deployment artifact unless specifically scoped
RELEASE-v13.29.1.md,Documentation/Release History,Documentation,Historical release/test/deployment artifact unless specifically scoped
RELEASE-v13.29.2.1.md,Documentation/Release History,Documentation,Historical release/test/deployment artifact unless specifically scoped
RELEASE-v13.29.2.2.md,Documentation/Release History,Documentation,Historical release/test/deployment artifact unless specifically scoped
RELEASE-v13.29.2.md,Documentation/Release History,Documentation,Historical release/test/deployment artifact unless specifically scoped
RELEASE-v13.29.3.1.md,Documentation/Release History,Documentation,Historical release/test/deployment artifact unless specifically scoped
RELEASE-v13.29.3.md,Documentation/Release History,Documentation,Historical release/test/deployment artifact unless specifically scoped
RELEASE-v13.29.4.md,Documentation/Release History,Documentation,Historical release/test/deployment artifact unless specifically scoped
RELEASE-v13.3.0.1.md,Documentation/Release History,Documentation,Historical release/test/deployment artifact unless specifically scoped
RELEASE-v13.3.0.2.md,Documentation/Release History,Documentation,Historical release/test/deployment artifact unless specifically scoped
RELEASE-v13.3.0.3.md,Documentation/Release History,Documentation,Historical release/test/deployment artifact unless specifically scoped
RELEASE-v13.3.0.4.md,Documentation/Release History,Documentation,Historical release/test/deployment artifact unless specifically scoped
RELEASE-v13.3.0.md,Documentation/Release History,Documentation,Historical release/test/deployment artifact unless specifically scoped
RELEASE-v13.3.1.1.md,Documentation/Release History,Documentation,Historical release/test/deployment artifact unless specifically scoped
RELEASE-v13.3.1.2.md,Documentation/Release History,Documentation,Historical release/test/deployment artifact unless specifically scoped
RELEASE-v13.3.1.md,Documentation/Release History,Documentation,Historical release/test/deployment artifact unless specifically scoped
RELEASE-v13.3.2.1.md,Documentation/Release History,Documentation,Historical release/test/deployment artifact unless specifically scoped
RELEASE-v13.3.2.md,Documentation/Release History,Documentation,Historical release/test/deployment artifact unless specifically scoped
RELEASE-v13.3.3.1.md,Documentation/Release History,Documentation,Historical release/test/deployment artifact unless specifically scoped
RELEASE-v13.3.3.md,Documentation/Release History,Documentation,Historical release/test/deployment artifact unless specifically scoped
RELEASE-v13.30.0.md,Documentation/Release History,Documentation,Historical release/test/deployment artifact unless specifically scoped
RELEASE-v13.30.1.md,Documentation/Release History,Documentation,Historical release/test/deployment artifact unless specifically scoped
RELEASE-v13.31.0.md,Documentation/Release History,Documentation,Historical release/test/deployment artifact unless specifically scoped
RELEASE-v13.32.0.md,Documentation/Release History,Documentation,Historical release/test/deployment artifact unless specifically scoped
RELEASE-v13.33.0.md,Documentation/Release History,Documentation,Historical release/test/deployment artifact unless specifically scoped
RELEASE-v13.34.0.md,Documentation/Release History,Documentation,Historical release/test/deployment artifact unless specifically scoped
RELEASE-v13.34.1.md,Documentation/Release History,Documentation,Historical release/test/deployment artifact unless specifically scoped
RELEASE-v13.35.0.md,Documentation/Release History,Documentation,Historical release/test/deployment artifact unless specifically scoped
RELEASE-v13.36.0.md,Documentation/Release History,Documentation,Historical release/test/deployment artifact unless specifically scoped
RELEASE-v13.36.1.md,Documentation/Release History,Documentation,Historical release/test/deployment artifact unless specifically scoped
RELEASE-v13.36.10.md,Documentation/Release History,Documentation,Historical release/test/deployment artifact unless specifically scoped
RELEASE-v13.36.11.md,Documentation/Release History,Documentation,Historical release/test/deployment artifact unless specifically scoped
RELEASE-v13.36.2.md,Documentation/Release History,Documentation,Historical release/test/deployment artifact unless specifically scoped
RELEASE-v13.36.3.md,Documentation/Release History,Documentation,Historical release/test/deployment artifact unless specifically scoped
RELEASE-v13.36.4.md,Documentation/Release History,Documentation,Historical release/test/deployment artifact unless specifically scoped
RELEASE-v13.36.5.md,Documentation/Release History,Documentation,Historical release/test/deployment artifact unless specifically scoped
RELEASE-v13.36.6.md,Documentation/Release History,Documentation,Historical release/test/deployment artifact unless specifically scoped
RELEASE-v13.36.7.md,Documentation/Release History,Documentation,Historical release/test/deployment artifact unless specifically scoped
RELEASE-v13.36.8.md,Documentation/Release History,Documentation,Historical release/test/deployment artifact unless specifically scoped
RELEASE-v13.36.9.md,Documentation/Release History,Documentation,Historical release/test/deployment artifact unless specifically scoped
RELEASE-v13.37.0.md,Documentation/Release History,Documentation,Historical release/test/deployment artifact unless specifically scoped
RELEASE-v13.37.1.md,Documentation/Release History,Documentation,Historical release/test/deployment artifact unless specifically scoped
RELEASE-v13.37.2.md,Documentation/Release History,Documentation,Historical release/test/deployment artifact unless specifically scoped
RELEASE-v13.37.3.md,Documentation/Release History,Documentation,Historical release/test/deployment artifact unless specifically scoped
RELEASE-v13.37.4.md,Documentation/Release History,Documentation,Historical release/test/deployment artifact unless specifically scoped
RELEASE-v13.37.5.md,Documentation/Release History,Documentation,Historical release/test/deployment artifact unless specifically scoped
RELEASE-v13.37.6.md,Documentation/Release History,Documentation,Historical release/test/deployment artifact unless specifically scoped
RELEASE-v13.37.7.md,Documentation/Release History,Documentation,Historical release/test/deployment artifact unless specifically scoped
RELEASE-v13.38.0.md,Documentation/Release History,Documentation,Historical release/test/deployment artifact unless specifically scoped
RELEASE-v13.38.1.md,Documentation/Release History,Documentation,Historical release/test/deployment artifact unless specifically scoped
RELEASE-v13.38.2.md,Documentation/Release History,Documentation,Historical release/test/deployment artifact unless specifically scoped
RELEASE-v13.38.3.md,Documentation/Release History,Documentation,Historical release/test/deployment artifact unless specifically scoped
RELEASE-v13.38.4.md,Documentation/Release History,Documentation,Historical release/test/deployment artifact unless specifically scoped
RELEASE-v13.38.5.md,Documentation/Release History,Documentation,Historical release/test/deployment artifact unless specifically scoped
RELEASE-v13.38.6.md,Documentation/Release History,Documentation,Historical release/test/deployment artifact unless specifically scoped
RELEASE-v13.38.7.md,Documentation/Release History,Documentation,Historical release/test/deployment artifact unless specifically scoped
RELEASE-v13.38.8.md,Documentation/Release History,Documentation,Historical release/test/deployment artifact unless specifically scoped
RELEASE-v13.39.0.md,Documentation/Release History,Documentation,Historical release/test/deployment artifact unless specifically scoped
RELEASE-v13.39.1.md,Documentation/Release History,Documentation,Historical release/test/deployment artifact unless specifically scoped
RELEASE-v13.39.2.md,Documentation/Release History,Documentation,Historical release/test/deployment artifact unless specifically scoped
RELEASE-v13.39.3.md,Documentation/Release History,Documentation,Historical release/test/deployment artifact unless specifically scoped
RELEASE-v13.39.4.md,Documentation/Release History,Documentation,Historical release/test/deployment artifact unless specifically scoped
RELEASE-v13.4.0.md,Documentation/Release History,Documentation,Historical release/test/deployment artifact unless specifically scoped
RELEASE-v13.4.1.md,Documentation/Release History,Documentation,Historical release/test/deployment artifact unless specifically scoped
RELEASE-v13.4.2.md,Documentation/Release History,Documentation,Historical release/test/deployment artifact unless specifically scoped
RELEASE-v13.4.3.md,Documentation/Release History,Documentation,Historical release/test/deployment artifact unless specifically scoped
RELEASE-v13.4.4.1.md,Documentation/Release History,Documentation,Historical release/test/deployment artifact unless specifically scoped
RELEASE-v13.4.4.md,Documentation/Release History,Documentation,Historical release/test/deployment artifact unless specifically scoped
RELEASE-v13.4.5.md,Documentation/Release History,Documentation,Historical release/test/deployment artifact unless specifically scoped
RELEASE-v13.4.6.1.md,Documentation/Release History,Documentation,Historical release/test/deployment artifact unless specifically scoped
RELEASE-v13.4.6.2.md,Documentation/Release History,Documentation,Historical release/test/deployment artifact unless specifically scoped
RELEASE-v13.4.6.3.md,Documentation/Release History,Documentation,Historical release/test/deployment artifact unless specifically scoped
RELEASE-v13.4.6.4.md,Documentation/Release History,Documentation,Historical release/test/deployment artifact unless specifically scoped
RELEASE-v13.4.6.5.md,Documentation/Release History,Documentation,Historical release/test/deployment artifact unless specifically scoped
RELEASE-v13.4.6.md,Documentation/Release History,Documentation,Historical release/test/deployment artifact unless specifically scoped
RELEASE-v13.40.0.md,Documentation/Release History,Documentation,Historical release/test/deployment artifact unless specifically scoped
RELEASE-v13.41.0.md,Documentation/Release History,Documentation,Historical release/test/deployment artifact unless specifically scoped
RELEASE-v13.42.0.md,Documentation/Release History,Documentation,Historical release/test/deployment artifact unless specifically scoped
RELEASE-v13.43.0.md,Documentation/Release History,Documentation,Historical release/test/deployment artifact unless specifically scoped
RELEASE-v13.44.0.md,Documentation/Release History,Documentation,Historical release/test/deployment artifact unless specifically scoped
RELEASE-v13.45.0.md,Documentation/Release History,Documentation,Historical release/test/deployment artifact unless specifically scoped
RELEASE-v13.45.1.md,Documentation/Release History,Documentation,Historical release/test/deployment artifact unless specifically scoped
RELEASE-v13.46.0.md,Documentation/Release History,Documentation,Historical release/test/deployment artifact unless specifically scoped
RELEASE-v13.47.0.md,Documentation/Release History,Documentation,Historical release/test/deployment artifact unless specifically scoped
RELEASE-v13.48.0.md,Documentation/Release History,Documentation,Historical release/test/deployment artifact unless specifically scoped
RELEASE-v13.49.0.md,Documentation/Release History,Documentation,Historical release/test/deployment artifact unless specifically scoped
RELEASE-v13.49.1.md,Documentation/Release History,Documentation,Historical release/test/deployment artifact unless specifically scoped
RELEASE-v13.5.0.1.md,Documentation/Release History,Documentation,Historical release/test/deployment artifact unless specifically scoped
RELEASE-v13.5.0.md,Documentation/Release History,Documentation,Historical release/test/deployment artifact unless specifically scoped
RELEASE-v13.5.1.1.md,Documentation/Release History,Documentation,Historical release/test/deployment artifact unless specifically scoped
RELEASE-v13.5.1.2.md,Documentation/Release History,Documentation,Historical release/test/deployment artifact unless specifically scoped
RELEASE-v13.5.1.3.md,Documentation/Release History,Documentation,Historical release/test/deployment artifact unless specifically scoped
RELEASE-v13.5.1.4.md,Documentation/Release History,Documentation,Historical release/test/deployment artifact unless specifically scoped
RELEASE-v13.5.1.5.md,Documentation/Release History,Documentation,Historical release/test/deployment artifact unless specifically scoped
RELEASE-v13.5.1.md,Documentation/Release History,Documentation,Historical release/test/deployment artifact unless specifically scoped
RELEASE-v13.5.2.1.md,Documentation/Release History,Documentation,Historical release/test/deployment artifact unless specifically scoped
RELEASE-v13.5.2.2.md,Documentation/Release History,Documentation,Historical release/test/deployment artifact unless specifically scoped
RELEASE-v13.5.2.3.md,Documentation/Release History,Documentation,Historical release/test/deployment artifact unless specifically scoped
RELEASE-v13.5.2.4.md,Documentation/Release History,Documentation,Historical release/test/deployment artifact unless specifically scoped
RELEASE-v13.5.2.md,Documentation/Release History,Documentation,Historical release/test/deployment artifact unless specifically scoped
RELEASE-v13.5.3.md,Documentation/Release History,Documentation,Historical release/test/deployment artifact unless specifically scoped
RELEASE-v13.5.4.md,Documentation/Release History,Documentation,Historical release/test/deployment artifact unless specifically scoped
RELEASE-v13.5.5.md,Documentation/Release History,Documentation,Historical release/test/deployment artifact unless specifically scoped
RELEASE-v13.5.6.md,Documentation/Release History,Documentation,Historical release/test/deployment artifact unless specifically scoped
RELEASE-v13.50.0.md,Documentation/Release History,Documentation,Historical release/test/deployment artifact unless specifically scoped
RELEASE-v13.51.0.md,Documentation/Release History,Documentation,Historical release/test/deployment artifact unless specifically scoped
RELEASE-v13.52.0.md,Documentation/Release History,Documentation,Historical release/test/deployment artifact unless specifically scoped
RELEASE-v13.53.0.md,Documentation/Release History,Documentation,Historical release/test/deployment artifact unless specifically scoped
RELEASE-v13.54.0.md,Documentation/Release History,Documentation,Historical release/test/deployment artifact unless specifically scoped
RELEASE-v13.54.1.md,Documentation/Release History,Documentation,Historical release/test/deployment artifact unless specifically scoped
RELEASE-v13.54.2.md,Documentation/Release History,Documentation,Historical release/test/deployment artifact unless specifically scoped
RELEASE-v13.54.3.md,Documentation/Release History,Documentation,Historical release/test/deployment artifact unless specifically scoped
RELEASE-v13.54.4.md,Documentation/Release History,Documentation,Historical release/test/deployment artifact unless specifically scoped
RELEASE-v13.55.0.md,Documentation/Release History,Documentation,Historical release/test/deployment artifact unless specifically scoped
RELEASE-v13.56.0.md,Documentation/Release History,Documentation,Historical release/test/deployment artifact unless specifically scoped
RELEASE-v13.57.0.md,Documentation/Release History,Documentation,Historical release/test/deployment artifact unless specifically scoped
RELEASE-v13.58.0.md,Documentation/Release History,Documentation,Historical release/test/deployment artifact unless specifically scoped
RELEASE-v13.59.0.md,Documentation/Release History,Documentation,Historical release/test/deployment artifact unless specifically scoped
RELEASE-v13.6.0.md,Documentation/Release History,Documentation,Historical release/test/deployment artifact unless specifically scoped
RELEASE-v13.6.1.md,Documentation/Release History,Documentation,Historical release/test/deployment artifact unless specifically scoped
RELEASE-v13.6.10.md,Documentation/Release History,Documentation,Historical release/test/deployment artifact unless specifically scoped
RELEASE-v13.6.11.md,Documentation/Release History,Documentation,Historical release/test/deployment artifact unless specifically scoped
RELEASE-v13.6.2.md,Documentation/Release History,Documentation,Historical release/test/deployment artifact unless specifically scoped
RELEASE-v13.6.3.md,Documentation/Release History,Documentation,Historical release/test/deployment artifact unless specifically scoped
RELEASE-v13.6.4.md,Documentation/Release History,Documentation,Historical release/test/deployment artifact unless specifically scoped
RELEASE-v13.6.5.md,Documentation/Release History,Documentation,Historical release/test/deployment artifact unless specifically scoped
RELEASE-v13.6.6.md,Documentation/Release History,Documentation,Historical release/test/deployment artifact unless specifically scoped
RELEASE-v13.6.7.md,Documentation/Release History,Documentation,Historical release/test/deployment artifact unless specifically scoped
RELEASE-v13.6.8.md,Documentation/Release History,Documentation,Historical release/test/deployment artifact unless specifically scoped
RELEASE-v13.6.9.md,Documentation/Release History,Documentation,Historical release/test/deployment artifact unless specifically scoped
RELEASE-v13.60.0.md,Documentation/Release History,Documentation,Historical release/test/deployment artifact unless specifically scoped
RELEASE-v13.61.0.md,Documentation/Release History,Documentation,Historical release/test/deployment artifact unless specifically scoped
RELEASE-v13.61.1.md,Documentation/Release History,Documentation,Historical release/test/deployment artifact unless specifically scoped
RELEASE-v13.61.2.md,Documentation/Release History,Documentation,Historical release/test/deployment artifact unless specifically scoped
RELEASE-v13.62.0.md,Documentation/Release History,Documentation,Historical release/test/deployment artifact unless specifically scoped
RELEASE-v13.63.0.md,Documentation/Release History,Documentation,Historical release/test/deployment artifact unless specifically scoped
RELEASE-v13.63.1.md,Documentation/Release History,Documentation,Historical release/test/deployment artifact unless specifically scoped
RELEASE-v13.64.0.md,Documentation/Release History,Documentation,Historical release/test/deployment artifact unless specifically scoped
RELEASE-v13.65.0.md,Documentation/Release History,Documentation,Historical release/test/deployment artifact unless specifically scoped
RELEASE-v13.66.0.md,Documentation/Release History,Documentation,Historical release/test/deployment artifact unless specifically scoped
RELEASE-v13.67.0.md,Documentation/Release History,Documentation,Historical release/test/deployment artifact unless specifically scoped
RELEASE-v13.68.0.md,Documentation/Release History,Documentation,Historical release/test/deployment artifact unless specifically scoped
RELEASE-v13.68.1.md,Documentation/Release History,Documentation,Historical release/test/deployment artifact unless specifically scoped
RELEASE-v13.68.10.md,Documentation/Release History,Documentation,Historical release/test/deployment artifact unless specifically scoped
RELEASE-v13.68.11.md,Documentation/Release History,Documentation,Historical release/test/deployment artifact unless specifically scoped
RELEASE-v13.68.2.md,Documentation/Release History,Documentation,Historical release/test/deployment artifact unless specifically scoped
RELEASE-v13.68.3.md,Documentation/Release History,Documentation,Historical release/test/deployment artifact unless specifically scoped
RELEASE-v13.68.4.md,Documentation/Release History,Documentation,Historical release/test/deployment artifact unless specifically scoped
RELEASE-v13.68.5.md,Documentation/Release History,Documentation,Historical release/test/deployment artifact unless specifically scoped
RELEASE-v13.68.6.md,Documentation/Release History,Documentation,Historical release/test/deployment artifact unless specifically scoped
RELEASE-v13.68.7.md,Documentation/Release History,Documentation,Historical release/test/deployment artifact unless specifically scoped
RELEASE-v13.68.8.md,Documentation/Release History,Documentation,Historical release/test/deployment artifact unless specifically scoped
RELEASE-v13.68.9.md,Documentation/Release History,Documentation,Historical release/test/deployment artifact unless specifically scoped
RELEASE-v13.69.0.md,Documentation/Release History,Documentation,Historical release/test/deployment artifact unless specifically scoped
RELEASE-v13.69.1.md,Documentation/Release History,Documentation,Historical release/test/deployment artifact unless specifically scoped
RELEASE-v13.7.0.md,Documentation/Release History,Documentation,Historical release/test/deployment artifact unless specifically scoped
RELEASE-v13.7.1.md,Documentation/Release History,Documentation,Historical release/test/deployment artifact unless specifically scoped
RELEASE-v13.70.0.md,Documentation/Release History,Documentation,Historical release/test/deployment artifact unless specifically scoped
RELEASE-v13.70.1.md,Documentation/Release History,Documentation,Historical release/test/deployment artifact unless specifically scoped
RELEASE-v13.70.2.md,Documentation/Release History,Documentation,Historical release/test/deployment artifact unless specifically scoped
RELEASE-v13.71.0.md,Documentation/Release History,Documentation,Historical release/test/deployment artifact unless specifically scoped
RELEASE-v13.72.0.md,Documentation/Release History,Documentation,Historical release/test/deployment artifact unless specifically scoped
RELEASE-v13.73.0.md,Documentation/Release History,Documentation,Historical release/test/deployment artifact unless specifically scoped
RELEASE-v13.74.0.md,Documentation/Release History,Documentation,Historical release/test/deployment artifact unless specifically scoped
RELEASE-v13.75.0.md,Documentation/Release History,Documentation,Historical release/test/deployment artifact unless specifically scoped
RELEASE-v13.76.0.md,Documentation/Release History,Documentation,Historical release/test/deployment artifact unless specifically scoped
RELEASE-v13.77.0.md,Documentation/Release History,Documentation,Historical release/test/deployment artifact unless specifically scoped
RELEASE-v13.78.0.md,Documentation/Release History,Documentation,Historical release/test/deployment artifact unless specifically scoped
RELEASE-v13.79.0.md,Documentation/Release History,Documentation,Historical release/test/deployment artifact unless specifically scoped
RELEASE-v13.8.0.md,Documentation/Release History,Documentation,Historical release/test/deployment artifact unless specifically scoped
RELEASE-v13.8.1.1.md,Documentation/Release History,Documentation,Historical release/test/deployment artifact unless specifically scoped
RELEASE-v13.8.1.md,Documentation/Release History,Documentation,Historical release/test/deployment artifact unless specifically scoped
RELEASE-v13.80.0.md,Documentation/Release History,Documentation,Historical release/test/deployment artifact unless specifically scoped
RELEASE-v13.80.1.md,Documentation/Release History,Documentation,Historical release/test/deployment artifact unless specifically scoped
RELEASE-v13.80.2.md,Documentation/Release History,Documentation,Historical release/test/deployment artifact unless specifically scoped
RELEASE-v13.80.3.md,Documentation/Release History,Documentation,Historical release/test/deployment artifact unless specifically scoped
RELEASE-v13.81.0.md,Documentation/Release History,Documentation,Historical release/test/deployment artifact unless specifically scoped
RELEASE-v13.81.1.md,Documentation/Release History,Documentation,Historical release/test/deployment artifact unless specifically scoped
RELEASE-v13.81.2.md,Documentation/Release History,Documentation,Historical release/test/deployment artifact unless specifically scoped
RELEASE-v13.81.3.md,Documentation/Release History,Documentation,Historical release/test/deployment artifact unless specifically scoped
RELEASE-v13.81.4.md,Documentation/Release History,Documentation,Historical release/test/deployment artifact unless specifically scoped
RELEASE-v13.9.0.md,Documentation/Release History,Documentation,Historical release/test/deployment artifact unless specifically scoped
RELEASE-v13.9.1.1.md,Documentation/Release History,Documentation,Historical release/test/deployment artifact unless specifically scoped
RELEASE-v13.9.1.2.md,Documentation/Release History,Documentation,Historical release/test/deployment artifact unless specifically scoped
RELEASE-v13.9.1.md,Documentation/Release History,Documentation,Historical release/test/deployment artifact unless specifically scoped
RELEASE-v9.14.0.md,Documentation/Release History,Documentation,Historical release/test/deployment artifact unless specifically scoped
RELEASE-v9.14.1.md,Documentation/Release History,Documentation,Historical release/test/deployment artifact unless specifically scoped
RELEASE-v9.15.0.md,Documentation/Release History,Documentation,Historical release/test/deployment artifact unless specifically scoped
RELEASE-v9.15.1.md,Documentation/Release History,Documentation,Historical release/test/deployment artifact unless specifically scoped
RELEASE-v9.16.0.md,Documentation/Release History,Documentation,Historical release/test/deployment artifact unless specifically scoped
RELEASE-v9.17.0.md,Documentation/Release History,Documentation,Historical release/test/deployment artifact unless specifically scoped
RELEASE-v9.18.0.md,Documentation/Release History,Documentation,Historical release/test/deployment artifact unless specifically scoped
RELEASE-v9.18.1.md,Documentation/Release History,Documentation,Historical release/test/deployment artifact unless specifically scoped
RELEASE-v9.18.2.md,Documentation/Release History,Documentation,Historical release/test/deployment artifact unless specifically scoped
RELEASE-v9.18.3.md,Documentation/Release History,Documentation,Historical release/test/deployment artifact unless specifically scoped
RELEASE-v9.18.4.md,Documentation/Release History,Documentation,Historical release/test/deployment artifact unless specifically scoped
RELEASE-v9.18.5.md,Documentation/Release History,Documentation,Historical release/test/deployment artifact unless specifically scoped
RELEASE-v9.18.6.md,Documentation/Release History,Documentation,Historical release/test/deployment artifact unless specifically scoped
RELEASE-v9.19.2.md,Documentation/Release History,Documentation,Historical release/test/deployment artifact unless specifically scoped
RELEASE-v9.19.3.md,Documentation/Release History,Documentation,Historical release/test/deployment artifact unless specifically scoped
RELEASE-v9.20.0.md,Documentation/Release History,Documentation,Historical release/test/deployment artifact unless specifically scoped
RELEASE-v9.20.1.md,Documentation/Release History,Documentation,Historical release/test/deployment artifact unless specifically scoped
RELEASE-v9.21.0.md,Documentation/Release History,Documentation,Historical release/test/deployment artifact unless specifically scoped
RELEASE-v9.22.0.md,Documentation/Release History,Documentation,Historical release/test/deployment artifact unless specifically scoped
RELEASE-v9.22.1.md,Documentation/Release History,Documentation,Historical release/test/deployment artifact unless specifically scoped
RELEASE-v9.22.10.md,Documentation/Release History,Documentation,Historical release/test/deployment artifact unless specifically scoped
RELEASE-v9.22.11.md,Documentation/Release History,Documentation,Historical release/test/deployment artifact unless specifically scoped
RELEASE-v9.22.12.md,Documentation/Release History,Documentation,Historical release/test/deployment artifact unless specifically scoped
RELEASE-v9.22.13.md,Documentation/Release History,Documentation,Historical release/test/deployment artifact unless specifically scoped
RELEASE-v9.22.14.md,Documentation/Release History,Documentation,Historical release/test/deployment artifact unless specifically scoped
RELEASE-v9.22.2.md,Documentation/Release History,Documentation,Historical release/test/deployment artifact unless specifically scoped
RELEASE-v9.22.3.md,Documentation/Release History,Documentation,Historical release/test/deployment artifact unless specifically scoped
RELEASE-v9.22.4.md,Documentation/Release History,Documentation,Historical release/test/deployment artifact unless specifically scoped
RELEASE-v9.22.5.md,Documentation/Release History,Documentation,Historical release/test/deployment artifact unless specifically scoped
RELEASE-v9.22.6.md,Documentation/Release History,Documentation,Historical release/test/deployment artifact unless specifically scoped
RELEASE-v9.22.7.md,Documentation/Release History,Documentation,Historical release/test/deployment artifact unless specifically scoped
RELEASE-v9.22.8.md,Documentation/Release History,Documentation,Historical release/test/deployment artifact unless specifically scoped
RELEASE-v9.22.9.md,Documentation/Release History,Documentation,Historical release/test/deployment artifact unless specifically scoped
ROADMAP-LUVIA-CURRENT.md,Documentation/Release History,Documentation,Historical release/test/deployment artifact unless specifically scoped
SMOKE-v13.71.0.sql,Documentation/Release History,Documentation,Historical release/test/deployment artifact unless specifically scoped
SMOKE-v13.72.0.sql,Documentation/Release History,Documentation,Historical release/test/deployment artifact unless specifically scoped
SMOKE-v13.73.0.sql,Documentation/Release History,Documentation,Historical release/test/deployment artifact unless specifically scoped
SMOKE-v13.74.0.sql,Documentation/Release History,Documentation,Historical release/test/deployment artifact unless specifically scoped
SMOKE-v13.75.0.sql,Documentation/Release History,Documentation,Historical release/test/deployment artifact unless specifically scoped
SMOKE-v13.80.0.sql,Documentation/Release History,Documentation,Historical release/test/deployment artifact unless specifically scoped
SMOKE-v13.81.0.sql,Documentation/Release History,Documentation,Historical release/test/deployment artifact unless specifically scoped
SMOKE-v13.81.4.sql,Documentation/Release History,Documentation,Historical release/test/deployment artifact unless specifically scoped
SPRACHCOACH-README.txt,Documentation/Release History,Documentation,Historical release/test/deployment artifact unless specifically scoped
TARGET-ARCHITECTURE-MEDIA-v13.28.x.md,Documentation/Release History,Documentation,Historical release/test/deployment artifact unless specifically scoped
TEST-RESULTS-v13.71.0.md,Documentation/Release History,Documentation,Historical release/test/deployment artifact unless specifically scoped
TEST-RESULTS-v13.72.0.txt,Documentation/Release History,Documentation,Historical release/test/deployment artifact unless specifically scoped
TEST-RESULTS-v13.73.0.md,Documentation/Release History,Documentation,Historical release/test/deployment artifact unless specifically scoped
TEST-RESULTS-v13.74.0.md,Documentation/Release History,Documentation,Historical release/test/deployment artifact unless specifically scoped
TEST-RESULTS-v13.75.0.md,Documentation/Release History,Documentation,Historical release/test/deployment artifact unless specifically scoped
TEST-RESULTS-v13.76.0.md,Documentation/Release History,Documentation,Historical release/test/deployment artifact unless specifically scoped
TEST-RESULTS-v13.77.0.md,Documentation/Release History,Documentation,Historical release/test/deployment artifact unless specifically scoped
TEST-RESULTS-v13.78.0.md,Documentation/Release History,Documentation,Historical release/test/deployment artifact unless specifically scoped
TEST-RESULTS-v13.79.0.md,Documentation/Release History,Documentation,Historical release/test/deployment artifact unless specifically scoped
TEST-RESULTS-v13.80.0.md,Documentation/Release History,Documentation,Historical release/test/deployment artifact unless specifically scoped
TEST-RESULTS-v13.80.1.md,Documentation/Release History,Documentation,Historical release/test/deployment artifact unless specifically scoped
TEST-RESULTS-v13.80.2.md,Documentation/Release History,Documentation,Historical release/test/deployment artifact unless specifically scoped
TEST-RESULTS-v13.80.3.md,Documentation/Release History,Documentation,Historical release/test/deployment artifact unless specifically scoped
TEST-RESULTS-v13.81.0.md,Documentation/Release History,Documentation,Historical release/test/deployment artifact unless specifically scoped
TEST-RESULTS-v13.81.1.md,Documentation/Release History,Documentation,Historical release/test/deployment artifact unless specifically scoped
TEST-RESULTS-v13.81.2.md,Documentation/Release History,Documentation,Historical release/test/deployment artifact unless specifically scoped
TEST-RESULTS-v13.81.3.md,Documentation/Release History,Documentation,Historical release/test/deployment artifact unless specifically scoped
TEST-RESULTS-v13.81.4.md,Documentation/Release History,Documentation,Historical release/test/deployment artifact unless specifically scoped
TEST-v10.0.0.md,Documentation/Release History,Documentation,Historical release/test/deployment artifact unless specifically scoped
TEST-v10.1.0.md,Documentation/Release History,Documentation,Historical release/test/deployment artifact unless specifically scoped
TEST-v10.2.0.md,Documentation/Release History,Documentation,Historical release/test/deployment artifact unless specifically scoped
TEST-v11.0.0.md,Documentation/Release History,Documentation,Historical release/test/deployment artifact unless specifically scoped
TEST-v11.1.0.md,Documentation/Release History,Documentation,Historical release/test/deployment artifact unless specifically scoped
TEST-v11.2.0.md,Documentation/Release History,Documentation,Historical release/test/deployment artifact unless specifically scoped
TEST-v11.2.10.md,Documentation/Release History,Documentation,Historical release/test/deployment artifact unless specifically scoped
TEST-v11.2.11.md,Documentation/Release History,Documentation,Historical release/test/deployment artifact unless specifically scoped
TEST-v11.2.12.md,Documentation/Release History,Documentation,Historical release/test/deployment artifact unless specifically scoped
TEST-v11.2.13.md,Documentation/Release History,Documentation,Historical release/test/deployment artifact unless specifically scoped
TEST-v11.2.3.md,Documentation/Release History,Documentation,Historical release/test/deployment artifact unless specifically scoped
TEST-v11.2.4.md,Documentation/Release History,Documentation,Historical release/test/deployment artifact unless specifically scoped
TEST-v11.2.5.md,Documentation/Release History,Documentation,Historical release/test/deployment artifact unless specifically scoped
TEST-v11.2.6.md,Documentation/Release History,Documentation,Historical release/test/deployment artifact unless specifically scoped
TEST-v11.2.7.md,Documentation/Release History,Documentation,Historical release/test/deployment artifact unless specifically scoped
TEST-v11.2.8.md,Documentation/Release History,Documentation,Historical release/test/deployment artifact unless specifically scoped
TEST-v11.2.9.md,Documentation/Release History,Documentation,Historical release/test/deployment artifact unless specifically scoped
TEST-v11.3.0.md,Documentation/Release History,Documentation,Historical release/test/deployment artifact unless specifically scoped
TEST-v11.3.1.md,Documentation/Release History,Documentation,Historical release/test/deployment artifact unless specifically scoped
TEST-v11.3.2.md,Documentation/Release History,Documentation,Historical release/test/deployment artifact unless specifically scoped
TEST-v11.3.3.md,Documentation/Release History,Documentation,Historical release/test/deployment artifact unless specifically scoped
TEST-v11.4.0.md,Documentation/Release History,Documentation,Historical release/test/deployment artifact unless specifically scoped
TEST-v11.5.0.md,Documentation/Release History,Documentation,Historical release/test/deployment artifact unless specifically scoped
TEST-v11.5.1.md,Documentation/Release History,Documentation,Historical release/test/deployment artifact unless specifically scoped
TEST-v11.6.0.md,Documentation/Release History,Documentation,Historical release/test/deployment artifact unless specifically scoped
TEST-v11.6.1.md,Documentation/Release History,Documentation,Historical release/test/deployment artifact unless specifically scoped
TEST-v11.6.2.md,Documentation/Release History,Documentation,Historical release/test/deployment artifact unless specifically scoped
TEST-v11.6.3.md,Documentation/Release History,Documentation,Historical release/test/deployment artifact unless specifically scoped
TEST-v11.7.0.md,Documentation/Release History,Documentation,Historical release/test/deployment artifact unless specifically scoped
TEST-v11.7.1.md,Documentation/Release History,Documentation,Historical release/test/deployment artifact unless specifically scoped
TEST-v11.7.2.md,Documentation/Release History,Documentation,Historical release/test/deployment artifact unless specifically scoped
TEST-v11.8.0.md,Documentation/Release History,Documentation,Historical release/test/deployment artifact unless specifically scoped
TEST-v11.8.1.md,Documentation/Release History,Documentation,Historical release/test/deployment artifact unless specifically scoped
TEST-v11.8.2.md,Documentation/Release History,Documentation,Historical release/test/deployment artifact unless specifically scoped
TEST-v11.9.0.md,Documentation/Release History,Documentation,Historical release/test/deployment artifact unless specifically scoped
TEST-v11.9.1.md,Documentation/Release History,Documentation,Historical release/test/deployment artifact unless specifically scoped
TEST-v12.0.0.md,Documentation/Release History,Documentation,Historical release/test/deployment artifact unless specifically scoped
TEST-v12.0.1.md,Documentation/Release History,Documentation,Historical release/test/deployment artifact unless specifically scoped
TEST-v12.1.0.md,Documentation/Release History,Documentation,Historical release/test/deployment artifact unless specifically scoped
TEST-v12.1.1.md,Documentation/Release History,Documentation,Historical release/test/deployment artifact unless specifically scoped
TEST-v12.1.3.md,Documentation/Release History,Documentation,Historical release/test/deployment artifact unless specifically scoped
TEST-v13.0.0.md,Documentation/Release History,Documentation,Historical release/test/deployment artifact unless specifically scoped
TEST-v13.0.1.md,Documentation/Release History,Documentation,Historical release/test/deployment artifact unless specifically scoped
TEST-v13.0.2.1.md,Documentation/Release History,Documentation,Historical release/test/deployment artifact unless specifically scoped
TEST-v13.0.2.md,Documentation/Release History,Documentation,Historical release/test/deployment artifact unless specifically scoped
TEST-v13.0.3.1.md,Documentation/Release History,Documentation,Historical release/test/deployment artifact unless specifically scoped
TEST-v13.0.3.2.md,Documentation/Release History,Documentation,Historical release/test/deployment artifact unless specifically scoped
TEST-v13.0.3.3.md,Documentation/Release History,Documentation,Historical release/test/deployment artifact unless specifically scoped
TEST-v13.0.3.4.md,Documentation/Release History,Documentation,Historical release/test/deployment artifact unless specifically scoped
TEST-v13.0.3.5.md,Documentation/Release History,Documentation,Historical release/test/deployment artifact unless specifically scoped
TEST-v13.0.3.md,Documentation/Release History,Documentation,Historical release/test/deployment artifact unless specifically scoped
TEST-v13.0.4.1.md,Documentation/Release History,Documentation,Historical release/test/deployment artifact unless specifically scoped
TEST-v13.0.4.2.md,Documentation/Release History,Documentation,Historical release/test/deployment artifact unless specifically scoped
TEST-v13.0.4.3.md,Documentation/Release History,Documentation,Historical release/test/deployment artifact unless specifically scoped
TEST-v13.0.4.4.md,Documentation/Release History,Documentation,Historical release/test/deployment artifact unless specifically scoped
TEST-v13.0.4.5.md,Documentation/Release History,Documentation,Historical release/test/deployment artifact unless specifically scoped
TEST-v13.0.4.6.md,Documentation/Release History,Documentation,Historical release/test/deployment artifact unless specifically scoped
TEST-v13.0.4.md,Documentation/Release History,Documentation,Historical release/test/deployment artifact unless specifically scoped
TEST-v13.1.0.1.md,Documentation/Release History,Documentation,Historical release/test/deployment artifact unless specifically scoped
TEST-v13.1.0.2.md,Documentation/Release History,Documentation,Historical release/test/deployment artifact unless specifically scoped
TEST-v13.1.0.md,Documentation/Release History,Documentation,Historical release/test/deployment artifact unless specifically scoped
TEST-v13.1.1.1.md,Documentation/Release History,Documentation,Historical release/test/deployment artifact unless specifically scoped
TEST-v13.1.1.2.md,Documentation/Release History,Documentation,Historical release/test/deployment artifact unless specifically scoped
TEST-v13.1.1.md,Documentation/Release History,Documentation,Historical release/test/deployment artifact unless specifically scoped
TEST-v13.1.2.md,Documentation/Release History,Documentation,Historical release/test/deployment artifact unless specifically scoped
TEST-v13.1.3.1.md,Documentation/Release History,Documentation,Historical release/test/deployment artifact unless specifically scoped
TEST-v13.1.3.10.md,Documentation/Release History,Documentation,Historical release/test/deployment artifact unless specifically scoped
TEST-v13.1.3.11.md,Documentation/Release History,Documentation,Historical release/test/deployment artifact unless specifically scoped
TEST-v13.1.3.12.md,Documentation/Release History,Documentation,Historical release/test/deployment artifact unless specifically scoped
TEST-v13.1.3.13.md,Documentation/Release History,Documentation,Historical release/test/deployment artifact unless specifically scoped
TEST-v13.1.3.2.md,Documentation/Release History,Documentation,Historical release/test/deployment artifact unless specifically scoped
TEST-v13.1.3.3.md,Documentation/Release History,Documentation,Historical release/test/deployment artifact unless specifically scoped
TEST-v13.1.3.4.md,Documentation/Release History,Documentation,Historical release/test/deployment artifact unless specifically scoped
TEST-v13.1.3.5.md,Documentation/Release History,Documentation,Historical release/test/deployment artifact unless specifically scoped
TEST-v13.1.3.6.md,Documentation/Release History,Documentation,Historical release/test/deployment artifact unless specifically scoped
TEST-v13.1.3.7.md,Documentation/Release History,Documentation,Historical release/test/deployment artifact unless specifically scoped
TEST-v13.1.3.8.md,Documentation/Release History,Documentation,Historical release/test/deployment artifact unless specifically scoped
TEST-v13.1.3.9.md,Documentation/Release History,Documentation,Historical release/test/deployment artifact unless specifically scoped
TEST-v13.1.3.md,Documentation/Release History,Documentation,Historical release/test/deployment artifact unless specifically scoped
TEST-v13.10.0.md,Documentation/Release History,Documentation,Historical release/test/deployment artifact unless specifically scoped
TEST-v13.14.0.md,Documentation/Release History,Documentation,Historical release/test/deployment artifact unless specifically scoped
TEST-v13.15.0.md,Documentation/Release History,Documentation,Historical release/test/deployment artifact unless specifically scoped
TEST-v13.16.0.md,Documentation/Release History,Documentation,Historical release/test/deployment artifact unless specifically scoped
TEST-v13.16.1.md,Documentation/Release History,Documentation,Historical release/test/deployment artifact unless specifically scoped
TEST-v13.16.2.md,Documentation/Release History,Documentation,Historical release/test/deployment artifact unless specifically scoped
TEST-v13.17.0.md,Documentation/Release History,Documentation,Historical release/test/deployment artifact unless specifically scoped
TEST-v13.18.0.md,Documentation/Release History,Documentation,Historical release/test/deployment artifact unless specifically scoped
TEST-v13.19.1.md,Documentation/Release History,Documentation,Historical release/test/deployment artifact unless specifically scoped
TEST-v13.2.0.1.md,Documentation/Release History,Documentation,Historical release/test/deployment artifact unless specifically scoped
TEST-v13.2.0.2.md,Documentation/Release History,Documentation,Historical release/test/deployment artifact unless specifically scoped
TEST-v13.2.0.3.md,Documentation/Release History,Documentation,Historical release/test/deployment artifact unless specifically scoped
TEST-v13.2.0.md,Documentation/Release History,Documentation,Historical release/test/deployment artifact unless specifically scoped
TEST-v13.20.0.md,Documentation/Release History,Documentation,Historical release/test/deployment artifact unless specifically scoped
TEST-v13.20.1.md,Documentation/Release History,Documentation,Historical release/test/deployment artifact unless specifically scoped
TEST-v13.21.0.md,Documentation/Release History,Documentation,Historical release/test/deployment artifact unless specifically scoped
TEST-v13.22.0.md,Documentation/Release History,Documentation,Historical release/test/deployment artifact unless specifically scoped
TEST-v13.22.1.md,Documentation/Release History,Documentation,Historical release/test/deployment artifact unless specifically scoped
TEST-v13.23.0.md,Documentation/Release History,Documentation,Historical release/test/deployment artifact unless specifically scoped
TEST-v13.24.0.md,Documentation/Release History,Documentation,Historical release/test/deployment artifact unless specifically scoped
TEST-v13.24.1.md,Documentation/Release History,Documentation,Historical release/test/deployment artifact unless specifically scoped
TEST-v13.25.0.md,Documentation/Release History,Documentation,Historical release/test/deployment artifact unless specifically scoped
TEST-v13.26.0.md,Documentation/Release History,Documentation,Historical release/test/deployment artifact unless specifically scoped
TEST-v13.26.1.md,Documentation/Release History,Documentation,Historical release/test/deployment artifact unless specifically scoped
TEST-v13.26.2.md,Documentation/Release History,Documentation,Historical release/test/deployment artifact unless specifically scoped
TEST-v13.27.0.md,Documentation/Release History,Documentation,Historical release/test/deployment artifact unless specifically scoped
TEST-v13.27.1.md,Documentation/Release History,Documentation,Historical release/test/deployment artifact unless specifically scoped
TEST-v13.27.3.md,Documentation/Release History,Documentation,Historical release/test/deployment artifact unless specifically scoped
TEST-v13.27.4.md,Documentation/Release History,Documentation,Historical release/test/deployment artifact unless specifically scoped
TEST-v13.27.5.1.md,Documentation/Release History,Documentation,Historical release/test/deployment artifact unless specifically scoped
TEST-v13.27.5.md,Documentation/Release History,Documentation,Historical release/test/deployment artifact unless specifically scoped
TEST-v13.28.0.md,Documentation/Release History,Documentation,Historical release/test/deployment artifact unless specifically scoped
TEST-v13.28.1.1.md,Documentation/Release History,Documentation,Historical release/test/deployment artifact unless specifically scoped
TEST-v13.28.1.2.md,Documentation/Release History,Documentation,Historical release/test/deployment artifact unless specifically scoped
TEST-v13.28.1.3.md,Documentation/Release History,Documentation,Historical release/test/deployment artifact unless specifically scoped
TEST-v13.28.1.md,Documentation/Release History,Documentation,Historical release/test/deployment artifact unless specifically scoped
TEST-v13.28.2.1.md,Documentation/Release History,Documentation,Historical release/test/deployment artifact unless specifically scoped
TEST-v13.28.2.2.md,Documentation/Release History,Documentation,Historical release/test/deployment artifact unless specifically scoped
TEST-v13.28.2.md,Documentation/Release History,Documentation,Historical release/test/deployment artifact unless specifically scoped
TEST-v13.28.3.md,Documentation/Release History,Documentation,Historical release/test/deployment artifact unless specifically scoped
TEST-v13.28.4.1.md,Documentation/Release History,Documentation,Historical release/test/deployment artifact unless specifically scoped
TEST-v13.28.4.md,Documentation/Release History,Documentation,Historical release/test/deployment artifact unless specifically scoped
TEST-v13.28.5.1.md,Documentation/Release History,Documentation,Historical release/test/deployment artifact unless specifically scoped
TEST-v13.28.5.2.md,Documentation/Release History,Documentation,Historical release/test/deployment artifact unless specifically scoped
TEST-v13.28.5.3.md,Documentation/Release History,Documentation,Historical release/test/deployment artifact unless specifically scoped
TEST-v13.28.5.md,Documentation/Release History,Documentation,Historical release/test/deployment artifact unless specifically scoped
TEST-v13.28.6.1.md,Documentation/Release History,Documentation,Historical release/test/deployment artifact unless specifically scoped
TEST-v13.28.6.2.md,Documentation/Release History,Documentation,Historical release/test/deployment artifact unless specifically scoped
TEST-v13.28.6.3.md,Documentation/Release History,Documentation,Historical release/test/deployment artifact unless specifically scoped
TEST-v13.28.6.4.md,Documentation/Release History,Documentation,Historical release/test/deployment artifact unless specifically scoped
TEST-v13.28.6.5.md,Documentation/Release History,Documentation,Historical release/test/deployment artifact unless specifically scoped
TEST-v13.28.6.6.md,Documentation/Release History,Documentation,Historical release/test/deployment artifact unless specifically scoped
TEST-v13.28.6.7.md,Documentation/Release History,Documentation,Historical release/test/deployment artifact unless specifically scoped
TEST-v13.28.6.8.md,Documentation/Release History,Documentation,Historical release/test/deployment artifact unless specifically scoped
TEST-v13.28.6.md,Documentation/Release History,Documentation,Historical release/test/deployment artifact unless specifically scoped
TEST-v13.28.7.1.md,Documentation/Release History,Documentation,Historical release/test/deployment artifact unless specifically scoped
TEST-v13.28.7.2.md,Documentation/Release History,Documentation,Historical release/test/deployment artifact unless specifically scoped
TEST-v13.28.7.md,Documentation/Release History,Documentation,Historical release/test/deployment artifact unless specifically scoped
TEST-v13.29.0.1.md,Documentation/Release History,Documentation,Historical release/test/deployment artifact unless specifically scoped
TEST-v13.29.0.2.md,Documentation/Release History,Documentation,Historical release/test/deployment artifact unless specifically scoped
TEST-v13.29.0.md,Documentation/Release History,Documentation,Historical release/test/deployment artifact unless specifically scoped
TEST-v13.29.1.md,Documentation/Release History,Documentation,Historical release/test/deployment artifact unless specifically scoped
TEST-v13.29.2.1.md,Documentation/Release History,Documentation,Historical release/test/deployment artifact unless specifically scoped
TEST-v13.29.2.2.md,Documentation/Release History,Documentation,Historical release/test/deployment artifact unless specifically scoped
TEST-v13.29.2.md,Documentation/Release History,Documentation,Historical release/test/deployment artifact unless specifically scoped
TEST-v13.29.3.1.md,Documentation/Release History,Documentation,Historical release/test/deployment artifact unless specifically scoped
TEST-v13.29.3.md,Documentation/Release History,Documentation,Historical release/test/deployment artifact unless specifically scoped
TEST-v13.29.4.md,Documentation/Release History,Documentation,Historical release/test/deployment artifact unless specifically scoped
TEST-v13.3.0.1.md,Documentation/Release History,Documentation,Historical release/test/deployment artifact unless specifically scoped
TEST-v13.3.0.2.md,Documentation/Release History,Documentation,Historical release/test/deployment artifact unless specifically scoped
TEST-v13.3.0.3.md,Documentation/Release History,Documentation,Historical release/test/deployment artifact unless specifically scoped
TEST-v13.3.0.4.md,Documentation/Release History,Documentation,Historical release/test/deployment artifact unless specifically scoped
TEST-v13.3.0.md,Documentation/Release History,Documentation,Historical release/test/deployment artifact unless specifically scoped
TEST-v13.3.1.1.md,Documentation/Release History,Documentation,Historical release/test/deployment artifact unless specifically scoped
TEST-v13.3.1.2.md,Documentation/Release History,Documentation,Historical release/test/deployment artifact unless specifically scoped
TEST-v13.3.1.md,Documentation/Release History,Documentation,Historical release/test/deployment artifact unless specifically scoped
TEST-v13.30.0.md,Documentation/Release History,Documentation,Historical release/test/deployment artifact unless specifically scoped
TEST-v13.30.1.md,Documentation/Release History,Documentation,Historical release/test/deployment artifact unless specifically scoped
TEST-v13.31.0.md,Documentation/Release History,Documentation,Historical release/test/deployment artifact unless specifically scoped
TEST-v13.32.0.md,Documentation/Release History,Documentation,Historical release/test/deployment artifact unless specifically scoped
TEST-v13.36.10.md,Documentation/Release History,Documentation,Historical release/test/deployment artifact unless specifically scoped
TEST-v13.36.11.md,Documentation/Release History,Documentation,Historical release/test/deployment artifact unless specifically scoped
TEST-v13.36.4.md,Documentation/Release History,Documentation,Historical release/test/deployment artifact unless specifically scoped
TEST-v13.36.5.md,Documentation/Release History,Documentation,Historical release/test/deployment artifact unless specifically scoped
TEST-v13.36.6.md,Documentation/Release History,Documentation,Historical release/test/deployment artifact unless specifically scoped
TEST-v13.36.7.md,Documentation/Release History,Documentation,Historical release/test/deployment artifact unless specifically scoped
TEST-v13.36.8.md,Documentation/Release History,Documentation,Historical release/test/deployment artifact unless specifically scoped
TEST-v13.36.9.md,Documentation/Release History,Documentation,Historical release/test/deployment artifact unless specifically scoped
TEST-v13.37.0.md,Documentation/Release History,Documentation,Historical release/test/deployment artifact unless specifically scoped
TEST-v13.37.1.md,Documentation/Release History,Documentation,Historical release/test/deployment artifact unless specifically scoped
TEST-v13.37.2.md,Documentation/Release History,Documentation,Historical release/test/deployment artifact unless specifically scoped
TEST-v13.37.3.md,Documentation/Release History,Documentation,Historical release/test/deployment artifact unless specifically scoped
TEST-v13.37.4.md,Documentation/Release History,Documentation,Historical release/test/deployment artifact unless specifically scoped
TEST-v13.37.5.md,Documentation/Release History,Documentation,Historical release/test/deployment artifact unless specifically scoped
TEST-v13.37.6.md,Documentation/Release History,Documentation,Historical release/test/deployment artifact unless specifically scoped
TEST-v13.37.7.md,Documentation/Release History,Documentation,Historical release/test/deployment artifact unless specifically scoped
TEST-v13.40.0.md,Documentation/Release History,Documentation,Historical release/test/deployment artifact unless specifically scoped
TEST-v13.42.0.md,Documentation/Release History,Documentation,Historical release/test/deployment artifact unless specifically scoped
TEST-v13.43.0.md,Documentation/Release History,Documentation,Historical release/test/deployment artifact unless specifically scoped
TEST-v13.44.0.md,Documentation/Release History,Documentation,Historical release/test/deployment artifact unless specifically scoped
TEST-v13.45.0.md,Documentation/Release History,Documentation,Historical release/test/deployment artifact unless specifically scoped
TEST-v13.45.1.md,Documentation/Release History,Documentation,Historical release/test/deployment artifact unless specifically scoped
TEST-v13.46.0.md,Documentation/Release History,Documentation,Historical release/test/deployment artifact unless specifically scoped
TEST-v13.47.0.md,Documentation/Release History,Documentation,Historical release/test/deployment artifact unless specifically scoped
TEST-v13.49.0.md,Documentation/Release History,Documentation,Historical release/test/deployment artifact unless specifically scoped
TEST-v13.49.1.md,Documentation/Release History,Documentation,Historical release/test/deployment artifact unless specifically scoped
TEST-v13.5.5.md,Documentation/Release History,Documentation,Historical release/test/deployment artifact unless specifically scoped
TEST-v13.50.0.md,Documentation/Release History,Documentation,Historical release/test/deployment artifact unless specifically scoped
TEST-v13.54.1.md,Documentation/Release History,Documentation,Historical release/test/deployment artifact unless specifically scoped
TEST-v13.54.2.md,Documentation/Release History,Documentation,Historical release/test/deployment artifact unless specifically scoped
TEST-v13.54.3.md,Documentation/Release History,Documentation,Historical release/test/deployment artifact unless specifically scoped
TEST-v13.54.4.md,Documentation/Release History,Documentation,Historical release/test/deployment artifact unless specifically scoped
TEST-v13.55.0.md,Documentation/Release History,Documentation,Historical release/test/deployment artifact unless specifically scoped
TEST-v13.56.0.md,Documentation/Release History,Documentation,Historical release/test/deployment artifact unless specifically scoped
TEST-v13.57.0.md,Documentation/Release History,Documentation,Historical release/test/deployment artifact unless specifically scoped
TEST-v13.58.0.md,Documentation/Release History,Documentation,Historical release/test/deployment artifact unless specifically scoped
TEST-v13.59.0.md,Documentation/Release History,Documentation,Historical release/test/deployment artifact unless specifically scoped
TEST-v13.6.0.md,Documentation/Release History,Documentation,Historical release/test/deployment artifact unless specifically scoped
TEST-v13.6.1.md,Documentation/Release History,Documentation,Historical release/test/deployment artifact unless specifically scoped
TEST-v13.6.10.md,Documentation/Release History,Documentation,Historical release/test/deployment artifact unless specifically scoped
TEST-v13.6.2.md,Documentation/Release History,Documentation,Historical release/test/deployment artifact unless specifically scoped
TEST-v13.6.3.md,Documentation/Release History,Documentation,Historical release/test/deployment artifact unless specifically scoped
TEST-v13.6.4.md,Documentation/Release History,Documentation,Historical release/test/deployment artifact unless specifically scoped
TEST-v13.6.5.md,Documentation/Release History,Documentation,Historical release/test/deployment artifact unless specifically scoped
TEST-v13.6.6.md,Documentation/Release History,Documentation,Historical release/test/deployment artifact unless specifically scoped
TEST-v13.6.7.md,Documentation/Release History,Documentation,Historical release/test/deployment artifact unless specifically scoped
TEST-v13.6.8.md,Documentation/Release History,Documentation,Historical release/test/deployment artifact unless specifically scoped
TEST-v13.6.9.md,Documentation/Release History,Documentation,Historical release/test/deployment artifact unless specifically scoped
TEST-v13.60.0.md,Documentation/Release History,Documentation,Historical release/test/deployment artifact unless specifically scoped
TEST-v13.61.0.md,Documentation/Release History,Documentation,Historical release/test/deployment artifact unless specifically scoped
TEST-v13.61.1.md,Documentation/Release History,Documentation,Historical release/test/deployment artifact unless specifically scoped
TEST-v13.61.2.md,Documentation/Release History,Documentation,Historical release/test/deployment artifact unless specifically scoped
TEST-v13.62.0.md,Documentation/Release History,Documentation,Historical release/test/deployment artifact unless specifically scoped
TEST-v13.63.0.md,Documentation/Release History,Documentation,Historical release/test/deployment artifact unless specifically scoped
TEST-v13.63.1.md,Documentation/Release History,Documentation,Historical release/test/deployment artifact unless specifically scoped
TEST-v13.64.0.md,Documentation/Release History,Documentation,Historical release/test/deployment artifact unless specifically scoped
TEST-v13.65.0.md,Documentation/Release History,Documentation,Historical release/test/deployment artifact unless specifically scoped
TEST-v13.68.0.md,Documentation/Release History,Documentation,Historical release/test/deployment artifact unless specifically scoped
TEST-v13.68.1.md,Documentation/Release History,Documentation,Historical release/test/deployment artifact unless specifically scoped
TEST-v13.68.10.md,Documentation/Release History,Documentation,Historical release/test/deployment artifact unless specifically scoped
TEST-v13.68.11.md,Documentation/Release History,Documentation,Historical release/test/deployment artifact unless specifically scoped
TEST-v13.68.2.md,Documentation/Release History,Documentation,Historical release/test/deployment artifact unless specifically scoped
TEST-v13.68.3.md,Documentation/Release History,Documentation,Historical release/test/deployment artifact unless specifically scoped
TEST-v13.68.4.md,Documentation/Release History,Documentation,Historical release/test/deployment artifact unless specifically scoped
TEST-v13.68.5.md,Documentation/Release History,Documentation,Historical release/test/deployment artifact unless specifically scoped
TEST-v13.68.6.md,Documentation/Release History,Documentation,Historical release/test/deployment artifact unless specifically scoped
TEST-v13.68.7.md,Documentation/Release History,Documentation,Historical release/test/deployment artifact unless specifically scoped
TEST-v13.68.8.md,Documentation/Release History,Documentation,Historical release/test/deployment artifact unless specifically scoped
TEST-v13.68.9.md,Documentation/Release History,Documentation,Historical release/test/deployment artifact unless specifically scoped
TEST-v13.69.0.md,Documentation/Release History,Documentation,Historical release/test/deployment artifact unless specifically scoped
TEST-v13.69.1.md,Documentation/Release History,Documentation,Historical release/test/deployment artifact unless specifically scoped
TEST-v13.7.0.md,Documentation/Release History,Documentation,Historical release/test/deployment artifact unless specifically scoped
TEST-v13.70.0.md,Documentation/Release History,Documentation,Historical release/test/deployment artifact unless specifically scoped
TEST-v13.70.1.md,Documentation/Release History,Documentation,Historical release/test/deployment artifact unless specifically scoped
TEST-v13.70.2.md,Documentation/Release History,Documentation,Historical release/test/deployment artifact unless specifically scoped
TEST-v13.71.0.md,Documentation/Release History,Documentation,Historical release/test/deployment artifact unless specifically scoped
TEST-v13.72.0.md,Documentation/Release History,Documentation,Historical release/test/deployment artifact unless specifically scoped
TEST-v13.73.0.md,Documentation/Release History,Documentation,Historical release/test/deployment artifact unless specifically scoped
TEST-v13.74.0.md,Documentation/Release History,Documentation,Historical release/test/deployment artifact unless specifically scoped
TEST-v13.75.0.md,Documentation/Release History,Documentation,Historical release/test/deployment artifact unless specifically scoped
TEST-v13.76.0.md,Documentation/Release History,Documentation,Historical release/test/deployment artifact unless specifically scoped
TEST-v13.77.0.md,Documentation/Release History,Documentation,Historical release/test/deployment artifact unless specifically scoped
TEST-v13.78.0.md,Documentation/Release History,Documentation,Historical release/test/deployment artifact unless specifically scoped
TEST-v13.79.0.md,Documentation/Release History,Documentation,Historical release/test/deployment artifact unless specifically scoped
TEST-v13.8.0.md,Documentation/Release History,Documentation,Historical release/test/deployment artifact unless specifically scoped
TEST-v13.8.1.1.md,Documentation/Release History,Documentation,Historical release/test/deployment artifact unless specifically scoped
TEST-v13.8.1.md,Documentation/Release History,Documentation,Historical release/test/deployment artifact unless specifically scoped
TEST-v13.80.0.md,Documentation/Release History,Documentation,Historical release/test/deployment artifact unless specifically scoped
TEST-v13.80.1.md,Documentation/Release History,Documentation,Historical release/test/deployment artifact unless specifically scoped
TEST-v13.80.2.md,Documentation/Release History,Documentation,Historical release/test/deployment artifact unless specifically scoped
TEST-v13.80.3.md,Documentation/Release History,Documentation,Historical release/test/deployment artifact unless specifically scoped
TEST-v13.81.0.md,Documentation/Release History,Documentation,Historical release/test/deployment artifact unless specifically scoped
TEST-v13.81.1.md,Documentation/Release History,Documentation,Historical release/test/deployment artifact unless specifically scoped
TEST-v13.81.2.md,Documentation/Release History,Documentation,Historical release/test/deployment artifact unless specifically scoped
TEST-v13.81.3.md,Documentation/Release History,Documentation,Historical release/test/deployment artifact unless specifically scoped
TEST-v13.81.4.md,Documentation/Release History,Documentation,Historical release/test/deployment artifact unless specifically scoped
TEST-v13.9.0.md,Documentation/Release History,Documentation,Historical release/test/deployment artifact unless specifically scoped
TEST-v13.9.1.1.md,Documentation/Release History,Documentation,Historical release/test/deployment artifact unless specifically scoped
TEST-v13.9.1.2.md,Documentation/Release History,Documentation,Historical release/test/deployment artifact unless specifically scoped
TEST-v13.9.1.md,Documentation/Release History,Documentation,Historical release/test/deployment artifact unless specifically scoped
TEST-v9.21.0.md,Documentation/Release History,Documentation,Historical release/test/deployment artifact unless specifically scoped
TEST-v9.22.0.md,Documentation/Release History,Documentation,Historical release/test/deployment artifact unless specifically scoped
TEST-v9.22.1.md,Documentation/Release History,Documentation,Historical release/test/deployment artifact unless specifically scoped
TEST-v9.22.10.md,Documentation/Release History,Documentation,Historical release/test/deployment artifact unless specifically scoped
TEST-v9.22.11.md,Documentation/Release History,Documentation,Historical release/test/deployment artifact unless specifically scoped
TEST-v9.22.12.md,Documentation/Release History,Documentation,Historical release/test/deployment artifact unless specifically scoped
TEST-v9.22.13.md,Documentation/Release History,Documentation,Historical release/test/deployment artifact unless specifically scoped
TEST-v9.22.14.md,Documentation/Release History,Documentation,Historical release/test/deployment artifact unless specifically scoped
TEST-v9.22.2.md,Documentation/Release History,Documentation,Historical release/test/deployment artifact unless specifically scoped
TEST-v9.22.3.md,Documentation/Release History,Documentation,Historical release/test/deployment artifact unless specifically scoped
TEST-v9.22.4.md,Documentation/Release History,Documentation,Historical release/test/deployment artifact unless specifically scoped
TEST-v9.22.5.md,Documentation/Release History,Documentation,Historical release/test/deployment artifact unless specifically scoped
TEST-v9.22.6.md,Documentation/Release History,Documentation,Historical release/test/deployment artifact unless specifically scoped
TEST-v9.22.7.md,Documentation/Release History,Documentation,Historical release/test/deployment artifact unless specifically scoped
TEST-v9.22.8.md,Documentation/Release History,Documentation,Historical release/test/deployment artifact unless specifically scoped
TEST-v9.22.9.md,Documentation/Release History,Documentation,Historical release/test/deployment artifact unless specifically scoped
THEFORK-ADAPTER-FOUNDATION-DEPLOY.md,Documentation/Release History,Documentation,Historical release/test/deployment artifact unless specifically scoped
_headers,Repository/Other,Asset/Other,Non-critical repository artifact
ambient-cafe.mp3,Repository/Other,Asset/Other,Non-critical repository artifact
ambient-cafe.ogg,Repository/Other,Asset/Other,Non-critical repository artifact
ambient-disney.mp3,Repository/Other,Asset/Other,Non-critical repository artifact
ambient-disney.ogg,Repository/Other,Asset/Other,Non-critical repository artifact
ambient-home.mp3,Repository/Other,Asset/Other,Non-critical repository artifact
ambient-home.ogg,Repository/Other,Asset/Other,Non-critical repository artifact
ambient-hotel.mp3,Repository/Other,Asset/Other,Non-critical repository artifact
ambient-hotel.ogg,Repository/Other,Asset/Other,Non-critical repository artifact
ambient-night.mp3,Repository/Other,Asset/Other,Non-critical repository artifact
ambient-night.ogg,Repository/Other,Asset/Other,Non-critical repository artifact
ambient-paris.mp3,Repository/Other,Asset/Other,Non-critical repository artifact
ambient-paris.ogg,Repository/Other,Asset/Other,Non-critical repository artifact
ambient-road.mp3,Repository/Other,Asset/Other,Non-critical repository artifact
ambient-road.ogg,Repository/Other,Asset/Other,Non-critical repository artifact
ambient-seine.mp3,Repository/Other,Asset/Other,Non-critical repository artifact
ambient-seine.ogg,Repository/Other,Asset/Other,Non-critical repository artifact
ambient.css,Consumer/Root Legacy,Legacy/Shared,Root-level historical/product file; inspect before modification
ambient.js,Consumer/Root Legacy,Legacy/Shared,Root-level historical/product file; inspect before modification
app/albums-view.css,Consumer,Experience,Current consumer experience and app shell
app/albums-view.js,Consumer,Experience,Current consumer experience and app shell
app/app-shell.css,Consumer,Experience,Current consumer experience and app shell
app/app-shell.js,Consumer,Experience,Current consumer experience and app shell
app/bookings-view.css,Consumer,Experience,Current consumer experience and app shell
app/bookings-view.js,Consumer,Experience,Current consumer experience and app shell
app/control-center/booking-control-center.css,Control Center,Experience,Booking/Travel control-center projection; must consume public contracts
app/control-center/booking-control-center.js,Control Center,Experience,Booking/Travel control-center projection; must consume public contracts
app/control-center/booking-inbox.css,Control Center,Experience,Booking/Travel control-center projection; must consume public contracts
app/control-center/booking-inbox.js,Control Center,Experience,Booking/Travel control-center projection; must consume public contracts
app/control-center/control-center-attention-service.js,Control Center,Experience,Booking/Travel control-center projection; must consume public contracts
app/control-center/control-center-home.css,Control Center,Experience,Booking/Travel control-center projection; must consume public contracts
app/control-center/control-center-home.js,Control Center,Experience,Booking/Travel control-center projection; must consume public contracts
app/control-center/control-center-manifest.js,Control Center,Experience,Booking/Travel control-center projection; must consume public contracts
app/control-center/control-center-shell.js,Control Center,Experience,Booking/Travel control-center projection; must consume public contracts
app/control-center/travel-identity-service.js,Control Center,Experience,Booking/Travel control-center projection; must consume public contracts
app/gallery-view.css,Consumer,Experience,Current consumer experience and app shell
app/gallery-view.js,Consumer,Experience,Current consumer experience and app shell
app/memory-export-engine.js,Consumer,Experience,Current consumer experience and app shell
app/memory-export-engine.ts,Consumer,Experience,Current consumer experience and app shell
app/memory-render-engine.js,Consumer,Experience,Current consumer experience and app shell
app/memory-render-engine.ts,Consumer,Experience,Current consumer experience and app shell
app/memory-worlds-v2.css,Consumer,Experience,Current consumer experience and app shell
app/memory-worlds-v2.js,Consumer,Experience,Current consumer experience and app shell
app/memory-worlds-v3.css,Consumer,Experience,Current consumer experience and app shell
app/memory-worlds-v3.js,Consumer,Experience,Current consumer experience and app shell
app/memory-worlds-v3.ts,Consumer,Experience,Current consumer experience and app shell
app/module-hubs.css,Consumer,Experience,Current consumer experience and app shell
app/module-hubs.js,Consumer,Experience,Current consumer experience and app shell
app/navigation-registry.js,Platform,Shared Runtime,Cross-product platform/runtime infrastructure
app/product-module-manifests.js,Consumer,Experience,Current consumer experience and app shell
app/public-entry.css,Consumer,Experience,Current consumer experience and app shell
app/public-entry.js,Consumer,Experience,Current consumer experience and app shell
app-gateway.js,Consumer/Root Legacy,Legacy/Shared,Root-level historical/product file; inspect before modification
app-icon-apple-maps.svg,Repository/Other,Asset/Other,Non-critical repository artifact
app-icon-chatgpt.svg,Repository/Other,Asset/Other,Non-critical repository artifact
app-icon-citymapper.svg,Repository/Other,Asset/Other,Non-critical repository artifact
app-icon-disneyland.svg,Repository/Other,Asset/Other,Non-critical repository artifact
app-icon-google-maps.svg,Repository/Other,Asset/Other,Non-critical repository artifact
app-icon-idfm.svg,Repository/Other,Asset/Other,Non-critical repository artifact
app-icon-thefork.svg,Repository/Other,Asset/Other,Non-critical repository artifact
app-icon-translate.svg,Repository/Other,Asset/Other,Non-critical repository artifact
app-icon-uber.svg,Repository/Other,Asset/Other,Non-critical repository artifact
assets/reisezeit-horizon.webp,Platform/Brand Assets,Asset,Shared visual/brand asset
assistant.js,Consumer/Root Legacy,Legacy/Shared,Root-level historical/product file; inspect before modification
audio/ambient-cafe.mp3,Consumer/Assets,Asset,Audio product asset
audio/ambient-cafe.ogg,Consumer/Assets,Asset,Audio product asset
audio/ambient-disney.mp3,Consumer/Assets,Asset,Audio product asset
audio/ambient-disney.ogg,Consumer/Assets,Asset,Audio product asset
audio/ambient-home.mp3,Consumer/Assets,Asset,Audio product asset
audio/ambient-home.ogg,Consumer/Assets,Asset,Audio product asset
audio/ambient-hotel.mp3,Consumer/Assets,Asset,Audio product asset
audio/ambient-hotel.ogg,Consumer/Assets,Asset,Audio product asset
audio/ambient-night.mp3,Consumer/Assets,Asset,Audio product asset
audio/ambient-night.ogg,Consumer/Assets,Asset,Audio product asset
audio/ambient-paris.mp3,Consumer/Assets,Asset,Audio product asset
audio/ambient-paris.ogg,Consumer/Assets,Asset,Audio product asset
audio/ambient-road.mp3,Consumer/Assets,Asset,Audio product asset
audio/ambient-road.ogg,Consumer/Assets,Asset,Audio product asset
audio/ambient-seine.mp3,Consumer/Assets,Asset,Audio product asset
audio/ambient-seine.ogg,Consumer/Assets,Asset,Audio product asset
auth/config.js,Platform/Auth,Shared Runtime,Auth session/config/UI; Paris aliases are compatibility only
auth/session.js,Platform/Auth,Shared Runtime,Auth session/config/UI; Paris aliases are compatibility only
auth/ui.js,Platform/Auth,Shared Runtime,Auth session/config/UI; Paris aliases are compatibility only
backend.html,Consumer/Root Legacy,Legacy/Shared,Root-level historical/product file; inspect before modification
booking-handoff.html,Consumer/Root Legacy,Legacy/Shared,Root-level historical/product file; inspect before modification
budget.js,Consumer/Root Legacy,Legacy/Shared,Root-level historical/product file; inspect before modification
carte-food-perruche-summer.pdf,Repository/Other,Asset/Other,Non-critical repository artifact
config.js,Consumer/Root Legacy,Legacy/Shared,Root-level historical/product file; inspect before modification
console.html,Consumer/Root Legacy,Legacy/Shared,Root-level historical/product file; inspect before modification
core/ai/README.md,Intelligence/Planning,Domain/Application,"AI, recommendations, discovery and planning workspace"
core/ai/ai-brain.css,Intelligence/Planning,Domain/Application,"AI, recommendations, discovery and planning workspace"
core/ai/ai-capability-registry.js,Intelligence/Planning,Domain/Application,"AI, recommendations, discovery and planning workspace"
core/ai/ai-command-proposal-service.js,Intelligence/Planning,Domain/Application,"AI, recommendations, discovery and planning workspace"
core/ai/ai-context-service.js,Intelligence/Planning,Domain/Application,"AI, recommendations, discovery and planning workspace"
core/ai/ai-core.js,Intelligence/Planning,Domain/Application,"AI, recommendations, discovery and planning workspace"
core/ai/ai-dashboard-service.js,Intelligence/Planning,Domain/Application,"AI, recommendations, discovery and planning workspace"
core/ai/ai-domain-registry.js,Intelligence/Planning,Domain/Application,"AI, recommendations, discovery and planning workspace"
core/ai/ai-evidence-store.js,Intelligence/Planning,Domain/Application,"AI, recommendations, discovery and planning workspace"
core/ai/ai-memory-service.js,Intelligence/Planning,Domain/Application,"AI, recommendations, discovery and planning workspace"
core/ai/ai-model-router.js,Intelligence/Planning,Domain/Application,"AI, recommendations, discovery and planning workspace"
core/ai/ai-orchestrator.js,Intelligence/Planning,Domain/Application,"AI, recommendations, discovery and planning workspace"
core/ai/ai-output-validator.js,Intelligence/Planning,Domain/Application,"AI, recommendations, discovery and planning workspace"
core/ai/ai-policy-service.js,Intelligence/Planning,Domain/Application,"AI, recommendations, discovery and planning workspace"
core/ai/ai-tool-registry.js,Intelligence/Planning,Domain/Application,"AI, recommendations, discovery and planning workspace"
core/ai/providers/openai-provider.js,Intelligence/Planning,Domain/Application,"AI, recommendations, discovery and planning workspace"
core/app/app-shell-v11.css,Legacy/Consumer,Legacy Experience,Older app-shell generation
core/app/app-shell-v11.js,Legacy/Consumer,Legacy Experience,Older app-shell generation
core/booking/booking-affiliate-foundation.js,Booking,Domain,Booking Core / provider / communication / lifecycle
core/booking/booking-affiliate-provider.js,Booking,Domain,Booking Core / provider / communication / lifecycle
core/booking/booking-availability.js,Booking,Domain,Booking Core / provider / communication / lifecycle
core/booking/booking-communication-contract.js,Booking,Domain,Booking Core / provider / communication / lifecycle
core/booking/booking-communication.js,Booking,Domain,Booking Core / provider / communication / lifecycle
core/booking/booking-contract.js,Booking,Domain,Booking Core / provider / communication / lifecycle
core/booking/booking-correlation-conversion.js,Booking,Domain,Booking Core / provider / communication / lifecycle
core/booking/booking-discovery.js,Booking,Domain,Booking Core / provider / communication / lifecycle
core/booking/booking-email-v2.js,Booking,Domain,Booking Core / provider / communication / lifecycle
core/booking/booking-engine-detection.js,Booking,Domain,Booking Core / provider / communication / lifecycle
core/booking/booking-events.js,Booking,Domain,Booking Core / provider / communication / lifecycle
core/booking/booking-generic-foundation.js,Booking,Domain,Booking Core / provider / communication / lifecycle
core/booking/booking-integration.js,Booking,Domain,Booking Core / provider / communication / lifecycle
core/booking/booking-mock-email-provider.js,Booking,Domain,Booking Core / provider / communication / lifecycle
core/booking/booking-monetization.js,Booking,Domain,Booking Core / provider / communication / lifecycle
core/booking/booking-orchestration.js,Booking,Domain,Booking Core / provider / communication / lifecycle
core/booking/booking-provider-capabilities.js,Booking,Domain,Booking Core / provider / communication / lifecycle
core/booking/booking-provider-connections.js,Booking,Domain,Booking Core / provider / communication / lifecycle
core/booking/booking-provider-registry.js,Booking,Domain,Booking Core / provider / communication / lifecycle
core/booking/booking-provider-status-contracts.js,Booking,Domain,Booking Core / provider / communication / lifecycle
core/booking/booking-provider-stubs.js,Booking,Domain,Booking Core / provider / communication / lifecycle
core/booking/booking-reconciliation-provider-return.js,Booking,Domain,Booking Core / provider / communication / lifecycle
core/booking/booking-repository.js,Booking,Domain,Booking Core / provider / communication / lifecycle
core/booking/booking-resend-email-provider.js,Booking,Domain,Booking Core / provider / communication / lifecycle
core/booking/booking-reservation-create.js,Booking,Domain,Booking Core / provider / communication / lifecycle
core/booking/booking-reservation-intelligence.js,Booking,Domain,Booking Core / provider / communication / lifecycle
core/booking/booking-reservation-mutation-status.js,Booking,Domain,Booking Core / provider / communication / lifecycle
core/booking/booking-reservation-mutation.js,Booking,Domain,Booking Core / provider / communication / lifecycle
core/booking/booking-reservation-recovery.js,Booking,Domain,Booking Core / provider / communication / lifecycle
core/booking/booking-return-orchestration.js,Booking,Domain,Booking Core / provider / communication / lifecycle
core/booking/booking-service.js,Booking,Domain,Booking Core / provider / communication / lifecycle
core/booking/booking-status-attribution-v2.js,Booking,Domain,Booking Core / provider / communication / lifecycle
core/booking/booking-status-provenance.js,Booking,Domain,Booking Core / provider / communication / lifecycle
core/booking/booking-ui.css,Booking,Domain,Booking Core / provider / communication / lifecycle
core/booking/booking-ui.js,Booking,Domain,Booking Core / provider / communication / lifecycle
core/booking/providers/opentable-adapter.js,Booking,Domain,Booking Core / provider / communication / lifecycle
core/booking/providers/quandoo-adapter.js,Booking,Domain,Booking Core / provider / communication / lifecycle
core/booking/providers/resy-adapter.js,Booking,Domain,Booking Core / provider / communication / lifecycle
core/booking/providers/sevenrooms-adapter.js,Booking,Domain,Booking Core / provider / communication / lifecycle
core/booking/providers/thefork-adapter.js,Booking,Domain,Booking Core / provider / communication / lifecycle
core/booking/providers/tock-adapter.js,Booking,Domain,Booking Core / provider / communication / lifecycle
core/booking/providers/zenchef-adapter.js,Booking,Domain,Booking Core / provider / communication / lifecycle
core/collaboration/collaboration-service.js,Collaboration,Domain Projection,Trip activity/presence; not social graph or identity truth
core/context/journey-knowledge-graph.js,Intelligence,Derived Context,Journey knowledge / context projection
core/context/travel-context-service.js,Trip,Derived Context,Temporal/location projection derived from TripContext
core/dashboard/dashboard-widget-registry.js,Consumer,Experience,Consumer dashboard/today surface
core/design/DESIGN-LANGUAGE-V3.md,Platform/Shared UI,Shared Runtime,"Design, theme and UI primitives/registry"
core/design/design-system-contract.js,Platform/Shared UI,Shared Runtime,"Design, theme and UI primitives/registry"
core/design/design-system-v2.css,Platform/Shared UI,Shared Runtime,"Design, theme and UI primitives/registry"
core/design/design-system-v3.css,Platform/Shared UI,Shared Runtime,"Design, theme and UI primitives/registry"
core/design/product-module-foundation.css,Platform/Shared UI,Shared Runtime,"Design, theme and UI primitives/registry"
core/diagnostics/booking-core-diagnostics.js,Consumer/Root Legacy,Legacy/Shared,Root-level historical/product file; inspect before modification
core/diagnostics/cloud-only-place-verification.js,Consumer/Root Legacy,Legacy/Shared,Root-level historical/product file; inspect before modification
core/diagnostics/core-v4-finalization.js,Consumer/Root Legacy,Legacy/Shared,Root-level historical/product file; inspect before modification
core/diagnostics/media-readiness.js,Consumer/Root Legacy,Legacy/Shared,Root-level historical/product file; inspect before modification
core/diagnostics/product-module-diagnostics.js,Consumer/Root Legacy,Legacy/Shared,Root-level historical/product file; inspect before modification
core/discovery/ai-search-evidence-pipeline.js,Intelligence/Planning,Domain/Application,"AI, recommendations, discovery and planning workspace"
core/discovery/conversational-discovery-core.js,Intelligence/Planning,Domain/Application,"AI, recommendations, discovery and planning workspace"
core/discovery/conversational-discovery.css,Intelligence/Planning,Domain/Application,"AI, recommendations, discovery and planning workspace"
core/discovery/curated-travel-canvas.js,Intelligence/Planning,Domain/Application,"AI, recommendations, discovery and planning workspace"
core/legacy/paris-migrator.js,Consumer/Root Legacy,Legacy/Shared,Root-level historical/product file; inspect before modification
core/location/global-location-bootstrap.js,Platform,Shared Runtime,Cross-product platform/runtime infrastructure
core/media/ai-memory-bridge.js,Intelligence,Adapter/Web Compatibility,Legacy AI Memory proposal and confirmed owner-command orchestration; no Media or Memory truth
core/media/media-clustering.js,Media,Domain,Canonical Media clustering service
core/media/media-core.js,Media,Domain,Canonical Media asset transfer persistence and Realtime owner
core/media/media-metadata.js,Media,Domain,Media metadata extraction behind acquisition adapters
core/media/media-preview.js,Media,Domain,Media preview generation behind acquisition adapters
core/media/memory-albums.js,Memory,Adapter/Web Compatibility,Legacy Memory Album DB and Realtime provider behind memory.v1; Media assets referenced by ID
core/media/memory-cards.js,Memory,Adapter/Web Compatibility,Legacy Memory Card curation DB and Realtime provider behind memory.v1
core/media/memory-journeys.js,Memory,Adapter/Web Compatibility,Legacy Memory Story chapter contribution DB and Realtime provider behind memory.v1
core/modules/module-registry.js,Platform/Modules,Shared Runtime,Module catalog/policy
core/places/global-place-contracts.js,Places,Domain,Place lifecycle/planning/timeline/place data
core/places/nature-intelligence-service.js,Places,Domain,Place lifecycle/planning/timeline/place data
core/places/photo-spot-intelligence-service.js,Places,Domain,Place lifecycle/planning/timeline/place data
core/places/place-adapters.js,Places,Domain,Place lifecycle/planning/timeline/place data
core/places/place-collection-service.js,Places,Domain,Place lifecycle/planning/timeline/place data
core/places/place-command-service.js,Places,Domain,Place lifecycle/planning/timeline/place data
core/places/place-conformance-service.js,Places,Domain,Place lifecycle/planning/timeline/place data
core/places/place-core.js,Places,Domain,Place lifecycle/planning/timeline/place data
core/places/place-state-core.js,Places,Domain,Runtime-neutral in-memory Place record state
core/places/place-runtime-projection-core.js,Places,Domain,Runtime-neutral trip-scoped Place and TripPlace projection state
core/places/place-detail-service.js,Places,Domain,Place lifecycle/planning/timeline/place data
core/places/place-domain.js,Places,Domain,Place lifecycle/planning/timeline/place data
core/places/place-experience-shell.js,Places,Domain,Place lifecycle/planning/timeline/place data
core/places/place-intelligence-service.js,Places,Domain,Place lifecycle/planning/timeline/place data
core/places/place-lifecycle-hub.css,Places,Domain,Place lifecycle/planning/timeline/place data
core/places/place-lifecycle-hub.js,Places,Domain,Place lifecycle/planning/timeline/place data
core/places/place-lifecycle-resolver.js,Places,Domain,Place lifecycle/planning/timeline/place data
core/places/place-lifecycle-service.js,Places,Domain,Place lifecycle/planning/timeline/place data
core/places/place-provider-fields.js,Places,Domain,Place lifecycle/planning/timeline/place data
core/places/place-registry.js,Places,Domain,Place lifecycle/planning/timeline/place data
core/places/place-runtime-store.js,Places,Domain,Place lifecycle/planning/timeline/place data
core/places/place-type-contract.js,Places,Domain,Place lifecycle/planning/timeline/place data
core/places/place-type-definitions.js,Places,Domain,Place lifecycle/planning/timeline/place data
core/places/place-ui-actions.js,Places,Domain,Place lifecycle/planning/timeline/place data
core/places/place-ui-contract.js,Places,Domain,Place lifecycle/planning/timeline/place data
core/places/place-ui-states.js,Places,Domain,Place lifecycle/planning/timeline/place data
core/places/place-ui.css,Places,Domain,Place lifecycle/planning/timeline/place data
core/places/place-ui.js,Places,Domain,Place lifecycle/planning/timeline/place data
core/places/places-final-foundation.css,Places,Domain,Place lifecycle/planning/timeline/place data
core/places/places-final-foundation.js,Places,Domain,Place lifecycle/planning/timeline/place data
core/places/presence-visit-core.js,Places,Domain,Place lifecycle/planning/timeline/place data
core/places/shopping-intelligence-service.js,Places,Domain,Place lifecycle/planning/timeline/place data
core/places/timeline-core.js,Journey,Adapter/Web Compatibility,Legacy Journey Supabase hydration realtime persistence and overlay provider behind journey.v1; not Places truth
core/places/transport-intelligence-service.js,Places,Domain,Place lifecycle/planning/timeline/place data
core/places/trip-place-data-service.js,Places,Domain,Place lifecycle/planning/timeline/place data
core/planning/planning-candidate-research.js,Intelligence/Planning,Domain/Application,"AI, recommendations, discovery and planning workspace"
core/planning/planning-dialogue-service.js,Intelligence/Planning,Domain/Application,"AI, recommendations, discovery and planning workspace"
core/planning/planning-foundation.css,Intelligence/Planning,Domain/Application,"AI, recommendations, discovery and planning workspace"
core/planning/planning-foundation.js,Intelligence/Planning,Domain/Application,"AI, recommendations, discovery and planning workspace"
core/planning/planning-session.js,Intelligence/Planning,Domain/Application,"AI, recommendations, discovery and planning workspace"
core/planning/planning-tool-registry.js,Intelligence/Planning,Domain/Application,"AI, recommendations, discovery and planning workspace"
core/planning/product-focus-reset.js,Intelligence/Planning,Domain/Application,"AI, recommendations, discovery and planning workspace"
core/platform/attention-contract.js,Platform,Shared Runtime,Cross-product platform/runtime infrastructure
core/platform/capability-registry.js,Platform,Shared Runtime,Cross-product platform/runtime infrastructure
core/platform/feature-flag-registry.js,Platform,Shared Runtime,Cross-product platform/runtime infrastructure
core/platform/global-contracts.js,Platform,Shared Runtime,Cross-product platform/runtime infrastructure
core/platform/identity-contract-adapter.js,Platform,Shared Runtime,Cross-product platform/runtime infrastructure
core/platform/media-contract-adapter.js,Platform,Shared Runtime,Cross-product platform/runtime infrastructure
core/platform/places-contract-adapter.js,Platform,Shared Runtime,Cross-product platform/runtime infrastructure
core/platform/product-module-registry.js,Platform,Shared Runtime,Cross-product platform/runtime infrastructure
core/platform/trip-contract-adapter.js,Platform,Shared Runtime,Cross-product platform/runtime infrastructure
core/preferences/discovery-contract-service.js,Identity/Preferences,Domain,Profile persistence and preference projections
core/preferences/guided-discovery-sequence.css,Identity/Preferences,Domain,Profile persistence and preference projections
core/preferences/guided-discovery-sequence.js,Identity/Preferences,Domain,Profile persistence and preference projections
core/preferences/preference-schema.js,Identity/Preferences,Domain,Profile persistence and preference projections
core/preferences/travel-preferences-service.js,Identity/Preferences,Domain,Profile persistence and preference projections
core/preferences/user-preferences-service.js,Identity/Preferences,Domain,Profile persistence and preference projections
core/profiles/profile-foundation.css,Identity/Preferences,Domain,Profile persistence and preference projections
core/profiles/profile-foundation.js,Identity/Preferences,Domain,Profile persistence and preference projections
core/profiles/profile-service.js,Identity/Preferences,Domain,Profile persistence and preference projections
core/recommendations/cross-module-recommendation-service.js,Intelligence/Planning,Domain/Application,"AI, recommendations, discovery and planning workspace"
core/recommendations/live-day-companion-service.js,Intelligence/Planning,Domain/Application,"AI, recommendations, discovery and planning workspace"
core/recommendations/recommendation-service.js,Intelligence/Planning,Domain/Application,"AI, recommendations, discovery and planning workspace"
core/recommendations/restaurant-intelligence-service.js,Intelligence/Planning,Domain/Application,"AI, recommendations, discovery and planning workspace"
core/recommendations/restaurant-recommendation-adapter.js,Intelligence/Planning,Domain/Application,"AI, recommendations, discovery and planning workspace"
core/recommendations/schedule-intelligence-service.js,Intelligence/Planning,Domain/Application,"AI, recommendations, discovery and planning workspace"
core/recommendations/today-intelligence-service.js,Intelligence/Planning,Domain/Application,"AI, recommendations, discovery and planning workspace"
core/runtime/boot-coordinator.js,Platform,Shared Runtime,Cross-product platform/runtime infrastructure
core/runtime/app-runtime-contract-core.js,Platform,Shared Runtime,Browserless staged App Runtime contract without domain truth
core/runtime/module-mount-contract-core.js,Platform,Shared Runtime,Browserless module mount lifecycle contract consuming navigation descriptors
core/runtime/overlay-host-contract-core.js,Platform,Shared Runtime,M10 browserless Overlay Host stack and dismissal semantics without DOM or Domain Truth
docs/modularization/PCR-M9.2-STAGED-RUNTIME-MODULE-MOUNTING.md,Platform/Consumer,Documentation/Architecture,M9.2 staged runtime and module mounting ownership lock and measured closeout
docs/modularization/RELEASE-NOTES-M9.2.md,Platform/Consumer,Documentation/Release,M9.2 release identity gates provenance rollback and exclusions
tests/m9.2-staged-runtime-module-mounting.test.cjs,Shared Tests,Test/Guardrail,M9.2 runtime mounting auth concurrency and Consumer adoption guard
core/runtime/network-guard.js,Platform,Shared Runtime,Cross-product platform/runtime infrastructure
core/runtime/runtime.js,Platform,Shared Runtime,Cross-product platform/runtime infrastructure
core/services/supabase-service.js,Platform,Shared Runtime,Shared services; inspect per-service before moving
core/services/theme-service.js,Platform/Shared UI,Shared Runtime,"Design, theme and UI primitives/registry"
core/storage/storage.js,Platform,Shared Runtime,Cross-product platform/runtime infrastructure
core/trips/join-flow.js,Trip,Domain,Trip state/use cases/membership join flow
core/trips/trip-creator.js,Trip,Domain,Trip state/use cases/membership join flow
core/trips/trip-experience.js,Trip,Domain,Trip state/use cases/membership join flow
core/trips/trip-store.js,Trip,Domain,Trip state/use cases/membership join flow
core/ui/ui-kit.js,Platform/Shared UI,Shared Runtime,"Design, theme and UI primitives/registry"
core/ui/ui-manager.js,Platform/Shared UI,Shared Runtime,"Design, theme and UI primitives/registry"
core.html,Consumer/Root Legacy,Legacy/Shared,Root-level historical/product file; inspect before modification
core.js,Consumer/Root Legacy,Legacy/Shared,Root-level historical/product file; inspect before modification
day-closure.css,Consumer/Root Legacy,Legacy/Shared,Root-level historical/product file; inspect before modification
day-closure.js,Consumer/Root Legacy,Legacy/Shared,Root-level historical/product file; inspect before modification
dynamic-background.css,Consumer/Root Legacy,Legacy/Shared,Root-level historical/product file; inspect before modification
dynamic-background.js,Consumer/Root Legacy,Legacy/Shared,Root-level historical/product file; inspect before modification
favicon.ico,Experience/Platform,Asset/Brand,Official Living Compass browser favicon distributed by Platform
favicon.svg,Experience/Platform,Asset/Brand,Official Living Compass compact vector browser favicon
force-update.html,Platform/App Shell,Entry/Deploy,"Global entry, service worker or deployment configuration"
fotospot-alexandre.webp,Repository/Other,Asset/Other,Non-critical repository artifact
fotospot-disney.webp,Repository/Other,Asset/Other,Non-critical repository artifact
fotospot-louvre.webp,Repository/Other,Asset/Other,Non-critical repository artifact
fotospot-seine.webp,Repository/Other,Asset/Other,Non-critical repository artifact
fotospot-trocadero.webp,Repository/Other,Asset/Other,Non-critical repository artifact
fotospot-universite.webp,Repository/Other,Asset/Other,Non-critical repository artifact
gallery.css,Consumer/Root Legacy,Legacy/Shared,Root-level historical/product file; inspect before modification
gallery.js,Consumer/Root Legacy,Legacy/Shared,Root-level historical/product file; inspect before modification
icon-192.png,Experience/Platform,Asset/Brand,Official Living Compass Android and PWA application icon 192
icon-512.png,Experience/Platform,Asset/Brand,Official Living Compass PWA application icon 512
index.html,Platform/App Shell,Entry/Deploy,"Global entry, service worker or deployment configuration"
intelligence/backend-console.css,Legacy/Intelligence Foundation,Legacy/Diagnostics,Older foundation/kernel/data/platform generation unless explicitly productive
intelligence/backend-console.js,Legacy/Intelligence Foundation,Legacy/Diagnostics,Older foundation/kernel/data/platform generation unless explicitly productive
intelligence/backend-service.js,Platform,Compatibility Runtime,Productive Intelligence-era platform services
intelligence/backend-test.js,Legacy/Intelligence Foundation,Legacy/Diagnostics,Older foundation/kernel/data/platform generation unless explicitly productive
intelligence/backend.html,Legacy/Intelligence Foundation,Legacy/Diagnostics,Older foundation/kernel/data/platform generation unless explicitly productive
intelligence/console.html,Developer,Developer Tooling,Developer console / harness
intelligence/core.js,Legacy/Intelligence Foundation,Legacy/Diagnostics,Older foundation/kernel/data/platform generation unless explicitly productive
intelligence/data-layer-test.js,Legacy/Intelligence Foundation,Legacy/Diagnostics,Older foundation/kernel/data/platform generation unless explicitly productive
intelligence/data-layer.js,Legacy/Intelligence Foundation,Legacy/Diagnostics,Older foundation/kernel/data/platform generation unless explicitly productive
intelligence/database-foundation.js,Legacy/Intelligence Foundation,Legacy/Diagnostics,Older foundation/kernel/data/platform generation unless explicitly productive
intelligence/destination-context.js,Trip/Places,Compatibility Context,Productive destination service/context; transitional ownership
intelligence/destination-service.js,Trip/Places,Compatibility Context,Productive destination service/context; transitional ownership
intelligence/destination-test.js,Legacy/Intelligence Foundation,Legacy/Diagnostics,Older foundation/kernel/data/platform generation unless explicitly productive
intelligence/developer-console.css,Developer,Developer Tooling,Developer console / harness
intelligence/developer-console.js,Developer,Developer Tooling,Developer console / harness
intelligence/diagnostics-boot-guard.js,Legacy/Intelligence Foundation,Legacy/Diagnostics,Older foundation/kernel/data/platform generation unless explicitly productive
intelligence/diagnostics.css,Legacy/Intelligence Foundation,Legacy/Diagnostics,Older foundation/kernel/data/platform generation unless explicitly productive
intelligence/domain-deployment-test.js,Legacy/Intelligence Foundation,Legacy/Diagnostics,Older foundation/kernel/data/platform generation unless explicitly productive
intelligence/environment-test.js,Legacy/Intelligence Foundation,Legacy/Diagnostics,Older foundation/kernel/data/platform generation unless explicitly productive
intelligence/environment.js,Platform,Compatibility Runtime,Productive Intelligence-era platform services
intelligence/event-bus-test.js,Legacy/Intelligence Foundation,Legacy/Diagnostics,Older foundation/kernel/data/platform generation unless explicitly productive
intelligence/kernel/bootstrap.js,Legacy/Intelligence Foundation,Legacy/Diagnostics,Older foundation/kernel/data/platform generation unless explicitly productive
intelligence/kernel/events.js,Legacy/Intelligence Foundation,Legacy/Diagnostics,Older foundation/kernel/data/platform generation unless explicitly productive
intelligence/kernel/kernel.js,Legacy/Intelligence Foundation,Legacy/Diagnostics,Older foundation/kernel/data/platform generation unless explicitly productive
intelligence/kernel/logger.js,Legacy/Intelligence Foundation,Legacy/Diagnostics,Older foundation/kernel/data/platform generation unless explicitly productive
intelligence/kernel/registry.js,Legacy/Intelligence Foundation,Legacy/Diagnostics,Older foundation/kernel/data/platform generation unless explicitly productive
intelligence/kernel/version.js,Platform/Release,Shared Runtime,Canonical current build/core version source
intelligence/permission-test.js,Legacy/Intelligence Foundation,Legacy/Diagnostics,Older foundation/kernel/data/platform generation unless explicitly productive
intelligence/place-entity-service.js,Places,Compatibility Domain,Productive Intelligence-era service still used by Places
intelligence/places-service.js,Places,Compatibility Domain,Productive Intelligence-era service still used by Places
intelligence/places-test.js,Legacy/Intelligence Foundation,Legacy/Diagnostics,Older foundation/kernel/data/platform generation unless explicitly productive
intelligence/platform-test.js,Legacy/Intelligence Foundation,Legacy/Diagnostics,Older foundation/kernel/data/platform generation unless explicitly productive
intelligence/platform.js,Legacy/Intelligence Foundation,Legacy/Diagnostics,Older foundation/kernel/data/platform generation unless explicitly productive
intelligence/product-module-console.js,Legacy/Intelligence Foundation,Legacy/Diagnostics,Older foundation/kernel/data/platform generation unless explicitly productive
intelligence/pwa-console.js,Legacy/Intelligence Foundation,Legacy/Diagnostics,Older foundation/kernel/data/platform generation unless explicitly productive
intelligence/pwa-service.js,Platform,Compatibility Runtime,Productive Intelligence-era platform services
intelligence/pwa-test.js,Legacy/Intelligence Foundation,Legacy/Diagnostics,Older foundation/kernel/data/platform generation unless explicitly productive
intelligence/restaurant-contract-test.js,Legacy/Intelligence Foundation,Legacy/Diagnostics,Older foundation/kernel/data/platform generation unless explicitly productive
intelligence/restaurant-contract.js,Legacy/Intelligence Foundation,Legacy/Diagnostics,Older foundation/kernel/data/platform generation unless explicitly productive
intelligence/restaurant-entity-contract.md,Legacy/Intelligence Foundation,Legacy/Diagnostics,Older foundation/kernel/data/platform generation unless explicitly productive
intelligence/restaurant-import-test.js,Legacy/Intelligence Foundation,Legacy/Diagnostics,Older foundation/kernel/data/platform generation unless explicitly productive
intelligence/restaurant-match-score-test.js,Legacy/Intelligence Foundation,Legacy/Diagnostics,Older foundation/kernel/data/platform generation unless explicitly productive
intelligence/restaurant-schema-test.js,Legacy/Intelligence Foundation,Legacy/Diagnostics,Older foundation/kernel/data/platform generation unless explicitly productive
intelligence/restaurant-service.js,Places,Compatibility Domain,Productive Intelligence-era service still used by Places
intelligence/runtime-config.json,Legacy/Intelligence Foundation,Legacy/Diagnostics,Older foundation/kernel/data/platform generation unless explicitly productive
intelligence/services/base-services.js,Legacy/Intelligence Foundation,Legacy/Diagnostics,Older foundation/kernel/data/platform generation unless explicitly productive
intelligence/services/service-registry.js,Legacy/Intelligence Foundation,Legacy/Diagnostics,Older foundation/kernel/data/platform generation unless explicitly productive
intelligence/test.html,Developer,Developer Tooling,Developer console / harness
legacy/paris/cloud-adapter.js,Legacy,Legacy Bridge,Paris/old UI compatibility; deletion requires replacement proof
live-moments.css,Consumer/Root Legacy,Legacy/Shared,Root-level historical/product file; inspect before modification
live-moments.js,Consumer/Root Legacy,Legacy/Shared,Root-level historical/product file; inspect before modification
location-service.js,Consumer/Root Legacy,Legacy/Shared,Root-level historical/product file; inspect before modification
luvia-2026.css,Consumer/Root Legacy,Legacy/Shared,Root-level historical/product file; inspect before modification
luvia-app-shell.css,Consumer/Root Legacy,Legacy/Shared,Root-level historical/product file; inspect before modification
luvia-app-state.js,Consumer/Root Legacy,Legacy/Shared,Root-level historical/product file; inspect before modification
luvia-brand.css,Consumer/Root Legacy,Legacy/Shared,Root-level historical/product file; inspect before modification
luvia-dashboard.css,Consumer/Root Legacy,Legacy/Shared,Root-level historical/product file; inspect before modification
luvia-dashboard.js,Consumer/Root Legacy,Legacy/Shared,Root-level historical/product file; inspect before modification
luvia-entry.js,Consumer/Root Legacy,Legacy/Shared,Root-level historical/product file; inspect before modification
luvia-logo.svg,Experience/Platform,Asset/Brand,Canonical global Living Compass compact runtime logo
luvia-module-accent-v83.css,Consumer/Root Legacy,Legacy/Shared,Root-level historical/product file; inspect before modification
luvia-module-accent-v84.css,Consumer/Root Legacy,Legacy/Shared,Root-level historical/product file; inspect before modification
luvia-module-accent-v85.css,Consumer/Root Legacy,Legacy/Shared,Root-level historical/product file; inspect before modification
luvia-module-accent-v86.css,Consumer/Root Legacy,Legacy/Shared,Root-level historical/product file; inspect before modification
luvia-trip-context.js,Trip,Domain,Trip state/use cases/membership join flow
luvia-v7-enhancements.js,Consumer/Root Legacy,Legacy/Shared,Root-level historical/product file; inspect before modification
manifest.webmanifest,Platform/App Shell,Entry/Deploy,Canonical PWA identity theme and official Living Compass icon registration
menu-elio-1.jpg,Repository/Other,Asset/Other,Non-critical repository artifact
menu-elio-1.webp,Repository/Other,Asset/Other,Non-critical repository artifact
menu-elio-2.jpg,Repository/Other,Asset/Other,Non-critical repository artifact
menu-elio-2.webp,Repository/Other,Asset/Other,Non-critical repository artifact
menu-elio-3.jpg,Repository/Other,Asset/Other,Non-critical repository artifact
menu-elio-3.webp,Repository/Other,Asset/Other,Non-critical repository artifact
menu-elio-4.jpg,Repository/Other,Asset/Other,Non-critical repository artifact
menu-elio-4.webp,Repository/Other,Asset/Other,Non-critical repository artifact
menu-perruche-1.jpg,Repository/Other,Asset/Other,Non-critical repository artifact
menu-perruche-1.webp,Repository/Other,Asset/Other,Non-critical repository artifact
menu-perruche-2.jpg,Repository/Other,Asset/Other,Non-critical repository artifact
menu-perruche-2.webp,Repository/Other,Asset/Other,Non-critical repository artifact
menu-perruche-3.jpg,Repository/Other,Asset/Other,Non-critical repository artifact
menu-perruche-3.webp,Repository/Other,Asset/Other,Non-critical repository artifact
menu-perruche-4.jpg,Repository/Other,Asset/Other,Non-critical repository artifact
menu-perruche-4.webp,Repository/Other,Asset/Other,Non-critical repository artifact
menu-perruche-5.jpg,Repository/Other,Asset/Other,Non-critical repository artifact
menu-perruche-5.webp,Repository/Other,Asset/Other,Non-critical repository artifact
menu-perruche-6.jpg,Repository/Other,Asset/Other,Non-critical repository artifact
menu-perruche-6.webp,Repository/Other,Asset/Other,Non-critical repository artifact
modules/accommodations/accommodation-module.css,Consumer/Places Experience,Experience,Module runtime surface; domain truth must stay in Places/Trip/Booking
modules/accommodations/accommodation-module.js,Consumer/Places Experience,Experience,Module runtime surface; domain truth must stay in Places/Trip/Booking
modules/apps.html,Consumer/Legacy Modules,Experience/Legacy,Older module-generation surface registered through LuviaModules
modules/apps.js,Consumer/Legacy Modules,Experience/Legacy,Older module-generation surface registered through LuviaModules
modules/assistant.html,Consumer/Legacy Modules,Experience/Legacy,Older module-generation surface registered through LuviaModules
modules/assistant.js,Consumer/Legacy Modules,Experience/Legacy,Older module-generation surface registered through LuviaModules
modules/attractions/attraction-module.css,Consumer/Places Experience,Experience,Module runtime surface; domain truth must stay in Places/Trip/Booking
modules/attractions/attraction-module.js,Consumer/Places Experience,Experience,Module runtime surface; domain truth must stay in Places/Trip/Booking
modules/budget.html,Consumer/Legacy Modules,Experience/Legacy,Older module-generation surface registered through LuviaModules
modules/budget.js,Consumer/Legacy Modules,Experience/Legacy,Older module-generation surface registered through LuviaModules
modules/checklist.html,Consumer/Legacy Modules,Experience/Legacy,Older module-generation surface registered through LuviaModules
modules/closing.js,Consumer/Legacy Modules,Experience/Legacy,Older module-generation surface registered through LuviaModules
modules/content/apps.html,Consumer/Legacy Modules,Experience/Legacy,Older module-generation surface registered through LuviaModules
modules/content/assistant.html,Consumer/Legacy Modules,Experience/Legacy,Older module-generation surface registered through LuviaModules
modules/content/budget.html,Consumer/Legacy Modules,Experience/Legacy,Older module-generation surface registered through LuviaModules
modules/content/closing.html,Consumer/Legacy Modules,Experience/Legacy,Older module-generation surface registered through LuviaModules
modules/content/dayPlans.html,Consumer/Legacy Modules,Experience/Legacy,Older module-generation surface registered through LuviaModules
modules/content/gallery.html,Consumer/Legacy Modules,Experience/Legacy,Older module-generation surface registered through LuviaModules
modules/content/hero.html,Consumer/Legacy Modules,Experience/Legacy,Older module-generation surface registered through LuviaModules
modules/content/language.html,Consumer/Legacy Modules,Experience/Legacy,Older module-generation surface registered through LuviaModules
modules/content/liveMoments.html,Consumer/Legacy Modules,Experience/Legacy,Older module-generation surface registered through LuviaModules
modules/content/memories.html,Consumer/Legacy Modules,Experience/Legacy,Older module-generation surface registered through LuviaModules
modules/content/mobility.html,Consumer/Legacy Modules,Experience/Legacy,Older module-generation surface registered through LuviaModules
modules/content/photoSpots.html,Consumer/Legacy Modules,Experience/Legacy,Older module-generation surface registered through LuviaModules
modules/content/restaurants.html,Consumer/Legacy Modules,Experience/Legacy,Older module-generation surface registered through LuviaModules
modules/content/review.html,Consumer/Legacy Modules,Experience/Legacy,Older module-generation surface registered through LuviaModules
modules/content/travelBook.html,Consumer/Legacy Modules,Experience/Legacy,Older module-generation surface registered through LuviaModules
modules/countdown.html,Consumer/Legacy Modules,Experience/Legacy,Older module-generation surface registered through LuviaModules
modules/countdown.js,Consumer/Legacy Modules,Experience/Legacy,Older module-generation surface registered through LuviaModules
modules/day-planner.html,Consumer/Legacy Modules,Experience/Legacy,Older module-generation surface registered through LuviaModules
modules/day-summary.html,Consumer/Legacy Modules,Experience/Legacy,Older module-generation surface registered through LuviaModules
modules/dayPlans.js,Consumer/Legacy Modules,Experience/Legacy,Older module-generation surface registered through LuviaModules
modules/destination-content.js,Consumer/Legacy Modules,Experience/Legacy,Older module-generation surface registered through LuviaModules
modules/finalQuote.js,Consumer/Legacy Modules,Experience/Legacy,Older module-generation surface registered through LuviaModules
modules/gallery.html,Consumer/Legacy Modules,Experience/Legacy,Older module-generation surface registered through LuviaModules
modules/gallery.js,Consumer/Legacy Modules,Experience/Legacy,Older module-generation surface registered through LuviaModules
modules/hero.html,Consumer/Legacy Modules,Experience/Legacy,Older module-generation surface registered through LuviaModules
modules/hero.js,Consumer/Legacy Modules,Experience/Legacy,Older module-generation surface registered through LuviaModules
modules/language.html,Consumer/Legacy Modules,Experience/Legacy,Older module-generation surface registered through LuviaModules
modules/language.js,Consumer/Legacy Modules,Experience/Legacy,Older module-generation surface registered through LuviaModules
modules/live-moments.html,Consumer/Legacy Modules,Experience/Legacy,Older module-generation surface registered through LuviaModules
modules/liveMoments.js,Consumer/Legacy Modules,Experience/Legacy,Older module-generation surface registered through LuviaModules
modules/memories.js,Consumer/Legacy Modules,Experience/Legacy,Older module-generation surface registered through LuviaModules
modules/mobility/mobility-module.css,Consumer/Places Experience,Experience,Module runtime surface; domain truth must stay in Places/Trip/Booking
modules/mobility/mobility-module.js,Consumer/Places Experience,Experience,Module runtime surface; domain truth must stay in Places/Trip/Booking
modules/mobility.js,Consumer/Legacy Modules,Experience/Legacy,Older module-generation surface registered through LuviaModules
modules/module-content-defaults.js,Consumer/Legacy Modules,Experience/Legacy,Older module-generation surface registered through LuviaModules
modules/module-manager.css,Consumer/Legacy Modules,Experience/Legacy,Older module-generation surface registered through LuviaModules
modules/module-manager.js,Consumer/Legacy Modules,Experience/Legacy,Older module-generation surface registered through LuviaModules
modules/move-shell.css,Consumer/Legacy Modules,Experience/Legacy,Older module-generation surface registered through LuviaModules
modules/move-shell.js,Consumer/Legacy Modules,Experience/Legacy,Older module-generation surface registered through LuviaModules
modules/nature/nature-module.css,Consumer/Places Experience,Experience,Module runtime surface; domain truth must stay in Places/Trip/Booking
modules/nature/nature-module.js,Consumer/Places Experience,Experience,Module runtime surface; domain truth must stay in Places/Trip/Booking
modules/photo-spots/photo-spot-module.css,Consumer/Places Experience,Experience,Module runtime surface; domain truth must stay in Places/Trip/Booking
modules/photo-spots/photo-spot-module.js,Consumer/Places Experience,Experience,Module runtime surface; domain truth must stay in Places/Trip/Booking
modules/photoSpots.js,Consumer/Legacy Modules,Experience/Legacy,Older module-generation surface registered through LuviaModules
modules/photospots.html,Consumer/Legacy Modules,Experience/Legacy,Older module-generation surface registered through LuviaModules
modules/places-shell.css,Consumer/Legacy Modules,Experience/Legacy,Older module-generation surface registered through LuviaModules
modules/places-shell.js,Consumer/Places Experience,Experience,Module runtime surface; domain truth must stay in Places/Trip/Booking
modules/restaurants-v2/default.json,Consumer/Places Experience,Experience,Module runtime surface; domain truth must stay in Places/Trip/Booking
modules/restaurants-v2/restaurant-module.css,Consumer/Places Experience,Experience,Module runtime surface; domain truth must stay in Places/Trip/Booking
modules/restaurants-v2/restaurant-module.js,Consumer/Places Experience,Experience,Module runtime surface; domain truth must stay in Places/Trip/Booking
modules/restaurants.html,Consumer/Legacy Modules,Experience/Legacy,Older module-generation surface registered through LuviaModules
modules/restaurants.js,Consumer/Legacy Modules,Experience/Legacy,Older module-generation surface registered through LuviaModules
modules/review.html,Consumer/Legacy Modules,Experience/Legacy,Older module-generation surface registered through LuviaModules
modules/review.js,Consumer/Legacy Modules,Experience/Legacy,Older module-generation surface registered through LuviaModules
modules/shopping/shopping-module.css,Consumer/Places Experience,Experience,Module runtime surface; domain truth must stay in Places/Trip/Booking
modules/shopping/shopping-module.js,Consumer/Places Experience,Experience,Module runtime surface; domain truth must stay in Places/Trip/Booking
modules/travel-book.html,Consumer/Legacy Modules,Experience/Legacy,Older module-generation surface registered through LuviaModules
modules/travelBook.js,Consumer/Legacy Modules,Experience/Legacy,Older module-generation surface registered through LuviaModules
modules/weather.html,Consumer/Legacy Modules,Experience/Legacy,Older module-generation surface registered through LuviaModules
offline.html,Consumer/Root Legacy,Legacy/Shared,Root-level historical/product file; inspect before modification
paris-official.html,Consumer/Root Legacy,Legacy/Shared,Root-level historical/product file; inspect before modification
people-system.js,Consumer/Root Legacy,Legacy/Shared,Root-level historical/product file; inspect before modification
profile-center.js,Consumer/Root Legacy,Legacy/Shared,Root-level historical/product file; inspect before modification
reisebuch.css,Consumer/Root Legacy,Legacy/Shared,Root-level historical/product file; inspect before modification
reisebuch.js,Consumer/Root Legacy,Legacy/Shared,Root-level historical/product file; inspect before modification
reminders.js,Consumer/Root Legacy,Legacy/Shared,Root-level historical/product file; inspect before modification
revue.css,Consumer/Root Legacy,Legacy/Shared,Root-level historical/product file; inspect before modification
revue.html,Consumer/Root Legacy,Legacy/Shared,Root-level historical/product file; inspect before modification
revue.js,Consumer/Root Legacy,Legacy/Shared,Root-level historical/product file; inspect before modification
route-switcher.js,Consumer/Root Legacy,Legacy/Shared,Root-level historical/product file; inspect before modification
smart-photo-moments.css,Consumer/Root Legacy,Legacy/Shared,Root-level historical/product file; inspect before modification
smart-photo-moments.js,Consumer/Root Legacy,Legacy/Shared,Root-level historical/product file; inspect before modification
sprachcoach.js,Consumer/Root Legacy,Legacy/Shared,Root-level historical/product file; inspect before modification
supabase/.temp/gotrue-version,Repository/Other,Asset/Other,Non-critical repository artifact
supabase/.temp/linked-project.json,Consumer/Root Legacy,Legacy/Shared,Root-level historical/product file; inspect before modification
supabase/.temp/pooler-url,Repository/Other,Asset/Other,Non-critical repository artifact
supabase/.temp/postgres-version,Repository/Other,Asset/Other,Non-critical repository artifact
supabase/.temp/project-ref,Repository/Other,Asset/Other,Non-critical repository artifact
supabase/.temp/rest-version,Repository/Other,Asset/Other,Non-critical repository artifact
supabase/.temp/storage-migration,Repository/Other,Asset/Other,Non-critical repository artifact
supabase/.temp/storage-version,Repository/Other,Asset/Other,Non-critical repository artifact
supabase/config.toml,Repository/Other,Asset/Other,Non-critical repository artifact
supabase/functions/booking-contact-resolve/index.ts,Booking,Domain,Booking Core / provider / communication / lifecycle
supabase/functions/booking-email-inbound/index.ts,Booking,Domain,Booking Core / provider / communication / lifecycle
supabase/functions/booking-email-reply/index.ts,Booking,Domain,Booking Core / provider / communication / lifecycle
supabase/functions/booking-email-runtime/index.ts,Booking,Domain,Booking Core / provider / communication / lifecycle
supabase/functions/booking-email-send/index.ts,Booking,Domain,Booking Core / provider / communication / lifecycle
supabase/functions/booking-health/index.ts,Booking,Domain,Booking Core / provider / communication / lifecycle
supabase/functions/booking-provider-availability/index.ts,Booking,Domain,Booking Core / provider / communication / lifecycle
supabase/functions/booking-provider-connection-health/index.ts,Booking,Domain,Booking Core / provider / communication / lifecycle
supabase/functions/booking-provider-opentable/index.ts,Booking,Domain,Booking Core / provider / communication / lifecycle
supabase/functions/booking-provider-quandoo/index.ts,Booking,Domain,Booking Core / provider / communication / lifecycle
supabase/functions/booking-provider-quandoo-webhook/index.ts,Booking,Domain,Booking Core / provider / communication / lifecycle
supabase/functions/booking-provider-reservation-create/index.ts,Booking,Domain,Booking Core / provider / communication / lifecycle
supabase/functions/booking-provider-reservation-mutation/index.ts,Booking,Domain,Booking Core / provider / communication / lifecycle
supabase/functions/booking-provider-reservation-mutation-status/index.ts,Booking,Domain,Booking Core / provider / communication / lifecycle
supabase/functions/booking-provider-reservation-reconcile/index.ts,Booking,Domain,Booking Core / provider / communication / lifecycle
supabase/functions/booking-provider-resy/index.ts,Booking,Domain,Booking Core / provider / communication / lifecycle
supabase/functions/booking-provider-sevenrooms/index.ts,Booking,Domain,Booking Core / provider / communication / lifecycle
supabase/functions/booking-provider-status-ingest/index.ts,Booking,Domain,Booking Core / provider / communication / lifecycle
supabase/functions/booking-provider-thefork/index.ts,Booking,Domain,Booking Core / provider / communication / lifecycle
supabase/functions/booking-provider-tock/index.ts,Booking,Domain,Booking Core / provider / communication / lifecycle
supabase/functions/booking-provider-zenchef/index.ts,Booking,Domain,Booking Core / provider / communication / lifecycle
supabase/functions/booking-route-resolve/index.ts,Booking,Domain,Booking Core / provider / communication / lifecycle
supabase/functions/luvia-gateway/_shared/cors.ts,Platform,Edge Function,Backend gateway
supabase/functions/luvia-gateway/_shared/http.ts,Platform,Edge Function,Backend gateway
supabase/functions/luvia-gateway/_shared/logger.ts,Platform,Edge Function,Backend gateway
supabase/functions/luvia-gateway/_shared/place-entities.ts,Platform,Edge Function,Backend gateway
supabase/functions/luvia-gateway/_shared/places.ts,Platform,Edge Function,Backend gateway
supabase/functions/luvia-gateway/_shared/rate-limit.ts,Platform,Edge Function,Backend gateway
supabase/functions/luvia-gateway/_shared/recommendations.ts,Platform,Edge Function,Backend gateway
supabase/functions/luvia-gateway/_shared/restaurants.ts,Platform,Edge Function,Backend gateway
supabase/functions/luvia-gateway/_shared/routes.ts,Platform,Edge Function,Backend gateway
supabase/functions/luvia-gateway/_shared/schedule.ts,Platform,Edge Function,Backend gateway
supabase/functions/luvia-gateway/deno.json,Platform,Edge Function,Backend gateway
supabase/functions/luvia-gateway/index.ts,Platform,Edge Function,Backend gateway
supabase/functions/luvia-intelligence/_shared/cors.ts,Intelligence,Edge Function,AI transport
supabase/functions/luvia-intelligence/_shared/http.ts,Intelligence,Edge Function,AI transport
supabase/functions/luvia-intelligence/_shared/rate-limit.ts,Intelligence,Edge Function,AI transport
supabase/functions/luvia-intelligence/capabilities/registry.ts,Intelligence,Edge Function,AI transport
supabase/functions/luvia-intelligence/deno.json,Intelligence,Edge Function,AI transport
supabase/functions/luvia-intelligence/index.ts,Intelligence,Edge Function,AI transport
supabase/functions/luvia-intelligence/policies/privacy.ts,Intelligence,Edge Function,AI transport
supabase/functions/luvia-intelligence/prompts/system.ts,Intelligence,Edge Function,AI transport
supabase/functions/luvia-intelligence/providers/openai.ts,Intelligence,Edge Function,AI transport
supabase/functions/luvia-intelligence/schemas/index.ts,Intelligence,Edge Function,AI transport
supabase/functions/luvia-intelligence/telemetry/usage.ts,Intelligence,Edge Function,AI transport
supabase/migrations/00_UNBEDINGT_IMMER_LESEN_PLACES_ARCHITEKTUR.md,Platform/DB History,Immutable History,Immutable migration history; domain ownership documented separately
supabase/migrations/20260726_001_intelligence_core_v2_1.sql,Platform/DB History,Immutable History,Immutable migration history; domain ownership documented separately
supabase/migrations/20260726_002_core_v2_2_permissions.sql,Platform/DB History,Immutable History,Immutable migration history; domain ownership documented separately
supabase/migrations/20260726_003_core_v2_12_2_restaurant_entity_schema.sql,Platform/DB History,Immutable History,Immutable migration history; domain ownership documented separately
supabase/migrations/20260726_004_core_v2_12_3_restaurant_import_service.sql,Platform/DB History,Immutable History,Immutable migration history; domain ownership documented separately
supabase/migrations/20260727_004_core_v3_0_2_4_trip_destination_cloud_hydration.sql,Platform/DB History,Immutable History,Immutable migration history; domain ownership documented separately
supabase/migrations/20260727_005_core_v2_12_4_11_sync_permissions.sql,Platform/DB History,Immutable History,Immutable migration history; domain ownership documented separately
supabase/migrations/20260727_005_core_v3_0_2_9_destination_integrity.sql,Platform/DB History,Immutable History,Immutable migration history; domain ownership documented separately
supabase/migrations/20260727_006_core_v2_12_4_12_realtime_owner_delete_repair.sql,Platform/DB History,Immutable History,Immutable migration history; domain ownership documented separately
supabase/migrations/20260727_007_core_v3_0_2_11_cloud_trip_profile.sql,Platform/DB History,Immutable History,Immutable migration history; domain ownership documented separately
supabase/migrations/20260727_008_core_v3_0_2_12_atomic_trip_ownership.sql,Platform/DB History,Immutable History,Immutable migration history; domain ownership documented separately
supabase/migrations/20260727_009_core_v3_0_2_13_schema_agnostic_ownership.sql,Platform/DB History,Immutable History,Immutable migration history; domain ownership documented separately
supabase/migrations/20260727_010_core_v3_1_0_profile_foundation.sql,Platform/DB History,Immutable History,Immutable migration history; domain ownership documented separately
supabase/migrations/20260727_011_core_v3_4_0_connected_join_foundation.sql,Platform/DB History,Immutable History,Immutable migration history; domain ownership documented separately
supabase/migrations/20260727_012_core_v3_4_1_join_schema_compatibility.sql,Platform/DB History,Immutable History,Immutable migration history; domain ownership documented separately
supabase/migrations/20260727_013_core_v3_4_2_live_collaboration.sql,Platform/DB History,Immutable History,Immutable migration history; domain ownership documented separately
supabase/migrations/20260727_014_core_v3_5_0_travel_context_restaurant_lifecycle.sql,Platform/DB History,Immutable History,Immutable migration history; domain ownership documented separately
supabase/migrations/20260727_015_core_v3_5_1_restaurant_workspace.sql,Platform/DB History,Immutable History,Immutable migration history; domain ownership documented separately
supabase/migrations/20260727_016_core_v3_6_0_smart_recommendation_engine.sql,Platform/DB History,Immutable History,Immutable migration history; domain ownership documented separately
supabase/migrations/20260727_017_core_v3_7_0_recommendation_complete_foundation.sql,Platform/DB History,Immutable History,Immutable migration history; domain ownership documented separately
supabase/migrations/20260727_018_core_v3_7_1_restaurant_lifecycle_persistence_stability.sql,Platform/DB History,Immutable History,Immutable migration history; domain ownership documented separately
supabase/migrations/20260728_019_core_v4_0_0_place_intelligence_foundation.sql,Platform/DB History,Immutable History,Immutable migration history; domain ownership documented separately
supabase/migrations/20260728_020_core_v4_0_2_timeline_gps_visit_detection.sql,Platform/DB History,Immutable History,Immutable migration history; domain ownership documented separately
supabase/migrations/20260728_021_core_v4_0_3_5_restaurant_collection_management.sql,Platform/DB History,Immutable History,Immutable migration history; domain ownership documented separately
supabase/migrations/20260728_022_core_v4_1_0_2_restaurant_archive_history.sql,Platform/DB History,Immutable History,Immutable migration history; domain ownership documented separately
supabase/migrations/20260728_023_core_v4_1_3_live_day_companion.sql,Platform/DB History,Immutable History,Immutable migration history; domain ownership documented separately
supabase/migrations/20260728_024_core_v4_1_3_4_universal_schedule_persistence.sql,Platform/DB History,Immutable History,Immutable migration history; domain ownership documented separately
supabase/migrations/20260728_025_core_v4_1_3_7_schedule_permissions.sql,Platform/DB History,Immutable History,Immutable migration history; domain ownership documented separately
supabase/migrations/20260728_026_core_v4_1_3_13_cloud_only_schedule.sql,Platform/DB History,Immutable History,Immutable migration history; domain ownership documented separately
supabase/migrations/20260728_026_core_v4_2_0_universal_place_data_completion.sql,Platform/DB History,Immutable History,Immutable migration history; domain ownership documented separately
supabase/migrations/20260728_027_core_v4_2_0_2_place_backend_stabilization.sql,Platform/DB History,Immutable History,Immutable migration history; domain ownership documented separately
supabase/migrations/20260729_028_core_v4_3_1_stay_foundation.sql,Platform/DB History,Immutable History,Immutable migration history; domain ownership documented separately
supabase/migrations/20260729_029_core_v4_3_1_2_accommodation_parity.sql,Platform/DB History,Immutable History,Immutable migration history; domain ownership documented separately
supabase/migrations/20260729_030_core_v4_4_0_place_experience_consolidation.sql,Platform/DB History,Immutable History,Immutable migration history; domain ownership documented separately
supabase/migrations/20260729_031_core_v4_4_1_universal_place_schedule_timeline.sql,Platform/DB History,Immutable History,Immutable migration history; domain ownership documented separately
supabase/migrations/20260729_032_core_v5_0_0_cloud_timeline_feed.sql,Platform/DB History,Immutable History,Immutable migration history; domain ownership documented separately
supabase/migrations/20260729_033_core_v4_4_3_universal_trip_place_data.sql,Platform/DB History,Immutable History,Immutable migration history; domain ownership documented separately
supabase/migrations/20260729_034_core_v4_4_4_single_source_place_fields.sql,Platform/DB History,Immutable History,Immutable migration history; domain ownership documented separately
supabase/migrations/20260729_035_core_v4_4_6_universal_place_collections.sql,Platform/DB History,Immutable History,Immutable migration history; domain ownership documented separately
supabase/migrations/20260730_036_core_v4_11_0_cycling_route_place_type.sql,Platform/DB History,Immutable History,Immutable migration history; domain ownership documented separately
supabase/migrations/20260803213000_core_v4_18_0_journey_knowledge_graph_universal_ai_orchestrator.sql,Platform/DB History,Immutable History,Immutable migration history; domain ownership documented separately
supabase/migrations/20260803_037_core_v4_16_1_global_user_preference_persistence.sql,Platform/DB History,Immutable History,Immutable migration history; domain ownership documented separately
supabase/migrations/20260803_038_core_v4_17_0_luvia_brain_foundation.sql,Platform/DB History,Immutable History,Immutable migration history; domain ownership documented separately
supabase/migrations/20260804232500_media_smart_photo_foundation.sql,Platform/DB History,Immutable History,Immutable migration history; domain ownership documented separately
supabase/migrations/20260804235600_media_smart_photo_clustering.sql,Platform/DB History,Immutable History,Immutable migration history; domain ownership documented separately
supabase/migrations/20260805004500_ai_memory_bridge.sql,Platform/DB History,Immutable History,Immutable migration history; domain ownership documented separately
supabase/migrations/20260805010500_ai_memory_bridge_permissions_fix.sql,Platform/DB History,Immutable History,Immutable migration history; domain ownership documented separately
supabase/migrations/20260805085000_gallery_experience_realtime.sql,Platform/DB History,Immutable History,Immutable migration history; domain ownership documented separately
supabase/migrations/20260805190000_memory_albums.sql,Platform/DB History,Immutable History,Immutable migration history; domain ownership documented separately
supabase/migrations/20260805200000_memory_album_experience.sql,Platform/DB History,Immutable History,Immutable migration history; domain ownership documented separately
supabase/migrations/20260806173000_memory_album_collaboration.sql,Platform/DB History,Immutable History,Immutable migration history; domain ownership documented separately
supabase/migrations/20260806184500_memory_journeys.sql,Platform/DB History,Immutable History,Immutable migration history; domain ownership documented separately
supabase/migrations/20260807105000_memory_cards_foundation.sql,Platform/DB History,Immutable History,Immutable migration history; domain ownership documented separately
supabase/migrations/20260807120000_memory_deck_member_colors.sql,Platform/DB History,Immutable History,Immutable migration history; domain ownership documented separately
supabase/migrations/20260807123500_memory_member_identity_realtime.sql,Platform/DB History,Immutable History,Immutable migration history; domain ownership documented separately
supabase/migrations/20260807161000_core_v4_36_10_profile_persistence_memory_review.sql,Platform/DB History,Immutable History,Immutable migration history; domain ownership documented separately
supabase/migrations/20260807190000_core_v4_37_0_memory_curation_foundation.sql,Platform/DB History,Immutable History,Immutable migration history; domain ownership documented separately
supabase/migrations/20260807201500_core_v4_37_1_memory_voting_entry.sql,Platform/DB History,Immutable History,Immutable migration history; domain ownership documented separately
supabase/migrations/20260807223000_core_v4_38_0_booking_core_v1_foundation.sql,Platform/DB History,Immutable History,Immutable migration history; domain ownership documented separately
supabase/migrations/20260807223100_core_v4_38_0_booking_communication.sql,Platform/DB History,Immutable History,Immutable migration history; domain ownership documented separately
supabase/migrations/20260807223200_core_v4_38_0_booking_real_mail.sql,Platform/DB History,Immutable History,Immutable migration history; domain ownership documented separately
supabase/migrations/20260807223300_core_v4_38_0_booking_intelligence.sql,Platform/DB History,Immutable History,Immutable migration history; domain ownership documented separately
supabase/migrations/20260807223400_core_v4_38_0_booking_discovery.sql,Platform/DB History,Immutable History,Immutable migration history; domain ownership documented separately
supabase/migrations/20260807223500_core_v4_38_0_booking_generic.sql,Platform/DB History,Immutable History,Immutable migration history; domain ownership documented separately
supabase/migrations/20260807223600_core_v4_38_0_booking_affiliate.sql,Platform/DB History,Immutable History,Immutable migration history; domain ownership documented separately
supabase/migrations/20260807223700_core_v4_38_0_booking_orchestration.sql,Platform/DB History,Immutable History,Immutable migration history; domain ownership documented separately
supabase/migrations/20260807223800_core_v4_38_0_booking_hardening.sql,Platform/DB History,Immutable History,Immutable migration history; domain ownership documented separately
supabase/migrations/20260807223900_core_v4_38_0_booking_v1_release.sql,Platform/DB History,Immutable History,Immutable migration history; domain ownership documented separately
supabase/migrations/20260808103000_core_v4_40_0_booking_provider_capabilities_status.sql,Platform/DB History,Immutable History,Immutable migration history; domain ownership documented separately
supabase/migrations/20260808110000_core_v4_41_0_thefork_adapter_foundation.sql,Platform/DB History,Immutable History,Immutable migration history; domain ownership documented separately
supabase/migrations/20260808124400_core_v4_42_0_quandoo_adapter_foundation.sql,Platform/DB History,Immutable History,Immutable migration history; domain ownership documented separately
supabase/migrations/20260808130000_core_v4_43_0_zenchef_adapter_foundation.sql,Platform/DB History,Immutable History,Immutable migration history; domain ownership documented separately
supabase/migrations/20260808133000_core_v4_44_0_opentable_adapter_foundation.sql,Platform/DB History,Immutable History,Immutable migration history; domain ownership documented separately
supabase/migrations/20260808134500_core_v4_45_0_sevenrooms_console_reliability.sql,Platform/DB History,Immutable History,Immutable migration history; domain ownership documented separately
supabase/migrations/20260808143000_core_v4_46_0_resy_adapter_foundation.sql,Platform/DB History,Immutable History,Immutable migration history; domain ownership documented separately
supabase/migrations/20260808150000_core_v4_47_0_tock_adapter_foundation.sql,Platform/DB History,Immutable History,Immutable migration history; domain ownership documented separately
supabase/migrations/20260808154500_core_v4_48_0_official_booking_engines_detection_v2.sql,Platform/DB History,Immutable History,Immutable migration history; domain ownership documented separately
supabase/migrations/20260808165000_core_v4_49_0_fast_handoff_attribution_profile_fix.sql,Platform/DB History,Immutable History,Immutable migration history; domain ownership documented separately
supabase/migrations/20260808172000_core_v4_50_0_booking_status_attribution_v2.sql,Platform/DB History,Immutable History,Immutable migration history; domain ownership documented separately
supabase/migrations/20260808181500_core_v4_51_0_booking_correlation_conversion_foundation.sql,Platform/DB History,Immutable History,Immutable migration history; domain ownership documented separately
supabase/migrations/20260808190000_core_v4_52_0_booking_reconciliation_provider_return.sql,Platform/DB History,Immutable History,Immutable migration history; domain ownership documented separately
supabase/migrations/20260808194500_core_v4_53_0_booking_return_orchestration_reconciliation_automation.sql,Platform/DB History,Immutable History,Immutable migration history; domain ownership documented separately
supabase/migrations/20260808203000_core_v4_54_0_verified_provider_status_contracts_v1.sql,Platform/DB History,Immutable History,Immutable migration history; domain ownership documented separately
supabase/migrations/20260808211500_core_v4_54_1_trusted_internal_status_bridge_fix.sql,Platform/DB History,Immutable History,Immutable migration history; domain ownership documented separately
supabase/migrations/20260808213000_core_v4_54_2_verified_provider_transition_fix.sql,Platform/DB History,Immutable History,Immutable migration history; domain ownership documented separately
supabase/migrations/20260808214500_core_v4_54_3_failed_status_signal_recovery_idempotent_retry_fix.sql,Platform/DB History,Immutable History,Immutable migration history; domain ownership documented separately
supabase/migrations/20260808215500_core_v4_54_4_atomic_status_signal_retry_fix.sql,Platform/DB History,Immutable History,Immutable migration history; domain ownership documented separately
supabase/migrations/20260809044500_core_v4_55_0_provider_return_matrix_booking_discovery_reliability.sql,Platform/DB History,Immutable History,Immutable migration history; domain ownership documented separately
supabase/migrations/20260809071500_core_v4_56_0_provider_connection_runtime_places_category_reliability.sql,Platform/DB History,Immutable History,Immutable migration history; domain ownership documented separately
supabase/migrations/20260809073000_core_v4_57_0_provider_activation_runtime_email_ownership_guard.sql,Platform/DB History,Immutable History,Immutable migration history; domain ownership documented separately
supabase/migrations/20260809073000_core_v4_57_0_provider_activation_runtime_email_ownership_guard.sql.tmp,Platform/DB History,Immutable History,Immutable migration history; domain ownership documented separately
supabase/migrations/20260809074500_core_v4_58_0_provider_credential_activation_live_probe_runtime.sql,Platform/DB History,Immutable History,Immutable migration history; domain ownership documented separately
supabase/migrations/20260809080500_core_v4_59_0_provider_activation_orchestrator_expected_state_cleanup.sql,Platform/DB History,Immutable History,Immutable migration history; domain ownership documented separately
supabase/migrations/20260809082800_core_v4_60_0_provider_connection_secrets_readiness_admin_activation_control.sql,Platform/DB History,Immutable History,Immutable migration history; domain ownership documented separately
supabase/migrations/20260809090200_core_v4_61_0_provider_availability_runtime_v1.sql,Platform/DB History,Immutable History,Immutable migration history; domain ownership documented separately
supabase/migrations/20260809091500_core_v4_61_1_provider_availability_runtime_release_fix.sql,Platform/DB History,Immutable History,Immutable migration history; domain ownership documented separately
supabase/migrations/20260809093000_core_v4_61_2_availability_client_shell_integration_fix.sql,Platform/DB History,Immutable History,Immutable migration history; domain ownership documented separately
supabase/migrations/20260809094500_core_v4_62_0_reservation_creation_runtime_v1.sql,Platform/DB History,Immutable History,Immutable migration history; domain ownership documented separately
supabase/migrations/20260809113000_core_v4_63_0_reservation_modify_cancel_runtime_v1.sql,Platform/DB History,Immutable History,Immutable migration history; domain ownership documented separately
supabase/migrations/20260809131500_core_v4_63_1_early_mutation_audit_fix.sql,Platform/DB History,Immutable History,Immutable migration history; domain ownership documented separately
supabase/migrations/20260809154500_core_v4_64_0_reservation_lifecycle_synchronization.sql,Platform/DB History,Immutable History,Immutable migration history; domain ownership documented separately
supabase/migrations/20260809163500_core_v4_65_0_reservation_mutation_recovery_reconciliation.sql,Platform/DB History,Immutable History,Immutable migration history; domain ownership documented separately
supabase/migrations/20260809170500_core_v4_66_0_email_booking_v2_request_runtime.sql,Platform/DB History,Immutable History,Immutable migration history; domain ownership documented separately
supabase/migrations/20260809172000_core_v4_67_0_email_booking_v2_thread_reply_status.sql,Platform/DB History,Immutable History,Immutable migration history; domain ownership documented separately
supabase/migrations/20260809174000_core_v4_68_0_email_booking_v2_completion_recovery.sql,Platform/DB History,Immutable History,Immutable migration history; domain ownership documented separately
supabase/migrations/20260809185500_core_v4_68_1_email_recipient_validation_readiness_guard_fix.sql,Platform/DB History,Immutable History,Immutable migration history; domain ownership documented separately
supabase/migrations/20260809192600_core_v4_68_2_email_send_expected_state_early_audit_fix.sql,Platform/DB History,Immutable History,Immutable migration history; domain ownership documented separately
supabase/migrations/20260809194000_core_v4_68_3_email_verification_auth_context_fix.sql,Platform/DB History,Immutable History,Immutable migration history; domain ownership documented separately
supabase/migrations/20260809201500_core_v4_68_4_contact_resolver_candidate_bridge_legacy_contact_verification_fix.sql,Platform/DB History,Immutable History,Immutable migration history; domain ownership documented separately
supabase/migrations/20260809214500_core_v4_68_5_placeholder_email_detection_verified_candidate_ranking_fix.sql,Platform/DB History,Immutable History,Immutable migration history; domain ownership documented separately
supabase/migrations/20260810083600_core_v4_68_6_auth_login_boot_recovery_luvia_namespace_phase1.sql,Platform/DB History,Immutable History,Immutable migration history; domain ownership documented separately
supabase/migrations/20260810085800_core_v4_68_7_public_entry_mount_contract_signed_out_boot_fix.sql,Platform/DB History,Immutable History,Immutable migration history; domain ownership documented separately
supabase/migrations/20260810092200_core_v4_68_8_app_bootstrap_render_guarantee_auth_init_race_fix.sql,Platform/DB History,Immutable History,Immutable migration history; domain ownership documented separately
supabase/migrations/20260810101500_core_v4_68_9_inbound_intelligence_auth_trusted_sender_provenance_fix.sql,Platform/DB History,Immutable History,Immutable migration history; domain ownership documented separately
supabase/migrations/20260810104500_core_v4_68_10_multilingual_reply_decision_classification_review_state_fix.sql,Platform/DB History,Immutable History,Immutable migration history; domain ownership documented separately
supabase/migrations/20260810110000_core_v4_68_11_delivery_event_auth_context_webhook_retry_idempotency_fix.sql,Platform/DB History,Immutable History,Immutable migration history; domain ownership documented separately
supabase/migrations/20260810134000_core_v4_69_0_attribution_core_monetization_foundation.sql,Platform/DB History,Immutable History,Immutable migration history; domain ownership documented separately
supabase/migrations/20260810135500_core_v4_69_1_official_website_monetization_profile_normalization_fix.sql,Platform/DB History,Immutable History,Immutable migration history; domain ownership documented separately
supabase/migrations/20260810161000_core_v4_70_0_conversion_runtime_commercial_event_ingestion.sql,Platform/DB History,Immutable History,Immutable migration history; domain ownership documented separately
supabase/migrations/20260810171500_core_v4_70_1_conversion_runtime_view_migration_fix.sql,Platform/DB History,Immutable History,Immutable migration history; domain ownership documented separately
supabase/migrations/20260810193500_core_v4_70_2_early_commercial_correlation_pending_replay_fix.sql,Platform/DB History,Immutable History,Immutable migration history; domain ownership documented separately
supabase/migrations/20260810214500_core_v4_71_0_production_commission_revenue_lifecycle.sql,Platform/DB History,Immutable History,Immutable migration history; domain ownership documented separately
supabase/migrations/20260810215300_core_v4_72_0_booking_intelligence_provider_orchestration_diagnostics.sql,Platform/DB History,Immutable History,Immutable migration history; domain ownership documented separately
supabase/migrations/20260810222000_core_v4_73_0_booking_decision_evidence_diagnostics_integrity.sql,Platform/DB History,Immutable History,Immutable migration history; domain ownership documented separately
supabase/migrations/20260810224000_core_v4_74_0_runtime_provider_health_adaptive_booking_decisions.sql,Platform/DB History,Immutable History,Immutable migration history; domain ownership documented separately
supabase/migrations/20260811065500_core_v4_75_0_adaptive_failover_decision_replay_orchestration_hardening.sql,Platform/DB History,Immutable History,Immutable migration history; domain ownership documented separately
supabase/migrations/20260812104500_core_v4_80_0_booking_actions_intelligence.sql,Platform/DB History,Immutable History,Immutable migration history; domain ownership documented separately
supabase/migrations/20260812115500_core_v4_81_0_booking_timeline_modify_cancel_conversation_lifecycle.sql,Platform/DB History,Immutable History,Immutable migration history; domain ownership documented separately
supabase/migrations/_headers,Platform/DB History,Immutable History,Immutable migration history; domain ownership documented separately
supabase-sync.js,Consumer/Root Legacy,Legacy/Shared,Root-level historical/product file; inspect before modification
sw.js,Platform/App Shell,Entry/Deploy,"Global entry, service worker or deployment configuration"
sync/budget.js,Legacy/Sync,Legacy Bridge,Older sync path; not canonical current owner
sync/core.js,Legacy/Sync,Legacy Bridge,Older sync path; not canonical current owner
sync/day-closure.js,Legacy/Sync,Legacy Bridge,Older sync path; not canonical current owner
sync/gallery.js,Media/Memory,Legacy Bridge,Legacy paris-gallery compatibility path
sync/live-moments.js,Legacy/Sync,Legacy Bridge,Older sync path; not canonical current owner
sync/reminders.js,Legacy/Sync,Legacy Bridge,Older sync path; not canonical current owner
test-results-v13.27.5.1.txt,Documentation/Release History,Documentation,Historical release/test/deployment artifact unless specifically scoped
test-results-v13.27.5.json,Consumer/Root Legacy,Legacy/Shared,Root-level historical/product file; inspect before modification
test-results-v13.28.0.json,Consumer/Root Legacy,Legacy/Shared,Root-level historical/product file; inspect before modification
test-results-v13.28.0.txt,Documentation/Release History,Documentation,Historical release/test/deployment artifact unless specifically scoped
test-results-v13.36.10.txt,Documentation/Release History,Documentation,Historical release/test/deployment artifact unless specifically scoped
test-results-v13.36.11.txt,Documentation/Release History,Documentation,Historical release/test/deployment artifact unless specifically scoped
test-results-v13.36.4.txt,Documentation/Release History,Documentation,Historical release/test/deployment artifact unless specifically scoped
test-results-v13.36.5.txt,Documentation/Release History,Documentation,Historical release/test/deployment artifact unless specifically scoped
test-results-v13.36.6.txt,Documentation/Release History,Documentation,Historical release/test/deployment artifact unless specifically scoped
test-results-v13.36.7.txt,Documentation/Release History,Documentation,Historical release/test/deployment artifact unless specifically scoped
test-results-v13.36.8.txt,Documentation/Release History,Documentation,Historical release/test/deployment artifact unless specifically scoped
test-results-v13.36.9.txt,Documentation/Release History,Documentation,Historical release/test/deployment artifact unless specifically scoped
test-results-v13.37.0.txt,Documentation/Release History,Documentation,Historical release/test/deployment artifact unless specifically scoped
test-results-v13.37.1.txt,Documentation/Release History,Documentation,Historical release/test/deployment artifact unless specifically scoped
test-results-v13.37.2.txt,Documentation/Release History,Documentation,Historical release/test/deployment artifact unless specifically scoped
test-results-v13.37.3.txt,Documentation/Release History,Documentation,Historical release/test/deployment artifact unless specifically scoped
test-results-v13.37.4.txt,Documentation/Release History,Documentation,Historical release/test/deployment artifact unless specifically scoped
test-results-v13.37.5.txt,Documentation/Release History,Documentation,Historical release/test/deployment artifact unless specifically scoped
test-results-v13.37.6.txt,Documentation/Release History,Documentation,Historical release/test/deployment artifact unless specifically scoped
test-results-v13.37.7.txt,Documentation/Release History,Documentation,Historical release/test/deployment artifact unless specifically scoped
test-results-v13.49.0.txt,Documentation/Release History,Documentation,Historical release/test/deployment artifact unless specifically scoped
test-results-v13.49.1.txt,Documentation/Release History,Documentation,Historical release/test/deployment artifact unless specifically scoped
test-results-v13.51.0.txt,Documentation/Release History,Documentation,Historical release/test/deployment artifact unless specifically scoped
test-results-v13.52.0.txt,Documentation/Release History,Documentation,Historical release/test/deployment artifact unless specifically scoped
test-results-v13.59.0.txt,Documentation/Release History,Documentation,Historical release/test/deployment artifact unless specifically scoped
test-results-v13.63.0.txt,Documentation/Release History,Documentation,Historical release/test/deployment artifact unless specifically scoped
test-results-v13.63.1.txt,Documentation/Release History,Documentation,Historical release/test/deployment artifact unless specifically scoped
tests/ai-command-proposal.test.cjs,Shared Tests,Test,Regression test; domain inferred from test name when planning CI suites
tests/ai-context-policy.test.cjs,Shared Tests,Test,Regression test; domain inferred from test name when planning CI suites
tests/ai-core-runtime.test.cjs,Shared Tests,Test,Regression test; domain inferred from test name when planning CI suites
tests/ai-dashboard-integration.test.cjs,Shared Tests,Test,Regression test; domain inferred from test name when planning CI suites
tests/ai-database-migration.test.cjs,Shared Tests,Test,Regression test; domain inferred from test name when planning CI suites
tests/ai-discovery-integration.test.cjs,Shared Tests,Test,Regression test; domain inferred from test name when planning CI suites
tests/ai-edge-function.test.cjs,Shared Tests,Test,Regression test; domain inferred from test name when planning CI suites
tests/ai-memory-bridge-v13.28.2.2.test.cjs,Shared Tests,Test,Regression test; domain inferred from test name when planning CI suites
tests/ai-memory-profile-integration.test.cjs,Shared Tests,Test,Regression test; domain inferred from test name when planning CI suites
tests/ai-model-router.test.cjs,Shared Tests,Test,Regression test; domain inferred from test name when planning CI suites
tests/booking-core-v1-integration.test.cjs,Shared Tests,Test,Regression test; domain inferred from test name when planning CI suites
tests/booking-handoff-reliability-v13.39.3.test.cjs,Shared Tests,Test,Regression test; domain inferred from test name when planning CI suites
tests/booking-handoff-speed-v13.39.4.test.cjs,Shared Tests,Test,Regression test; domain inferred from test name when planning CI suites
tests/booking-official-engines-detection-v13.48.0.test.cjs,Shared Tests,Test,Regression test; domain inferred from test name when planning CI suites
tests/booking-opentable-adapter-v13.44.0.test.cjs,Shared Tests,Test,Regression test; domain inferred from test name when planning CI suites
tests/booking-provider-handoff-v1.2.test.cjs,Shared Tests,Test,Regression test; domain inferred from test name when planning CI suites
tests/booking-provider-routing-v1.1.test.cjs,Shared Tests,Test,Regression test; domain inferred from test name when planning CI suites
tests/booking-quandoo-adapter-v13.42.0.test.cjs,Shared Tests,Test,Regression test; domain inferred from test name when planning CI suites
tests/booking-resy-adapter-v13.46.0.test.cjs,Shared Tests,Test,Regression test; domain inferred from test name when planning CI suites
tests/booking-route-contact-places-precision-v13.49.1.test.cjs,Shared Tests,Test,Regression test; domain inferred from test name when planning CI suites
tests/booking-sevenrooms-adapter-v13.45.0.test.cjs,Shared Tests,Test,Regression test; domain inferred from test name when planning CI suites
tests/booking-thefork-adapter-v13.41.0.test.cjs,Shared Tests,Test,Regression test; domain inferred from test name when planning CI suites
tests/booking-tock-adapter-v13.47.0.test.cjs,Shared Tests,Test,Regression test; domain inferred from test name when planning CI suites
tests/candidate-research-v13.23.0.test.cjs,Shared Tests,Test,Regression test; domain inferred from test name when planning CI suites
tests/console-network-reliability-v13.45.0.test.cjs,Shared Tests,Test,Regression test; domain inferred from test name when planning CI suites
tests/console-reliability-regression-v13.46.0.test.cjs,Shared Tests,Test,Regression test; domain inferred from test name when planning CI suites
tests/console-reliability-regression-v13.47.0.test.cjs,Shared Tests,Test,Regression test; domain inferred from test name when planning CI suites
tests/console-reliability-regression-v13.48.0.test.cjs,Shared Tests,Test,Regression test; domain inferred from test name when planning CI suites
tests/diagnostics-correction-v13.27.5.1.test.cjs,Shared Tests,Test,Regression test; domain inferred from test name when planning CI suites
tests/discovery-accuracy-curated-canvas-v13.20.0.test.cjs,Shared Tests,Test,Regression test; domain inferred from test name when planning CI suites
tests/discovery-contract-strictness.test.cjs,Shared Tests,Test,Regression test; domain inferred from test name when planning CI suites
tests/domain-correct-research-journey-deck-v13.24.0.test.cjs,Shared Tests,Test,Regression test; domain inferred from test name when planning CI suites
tests/final-console-reliability-v13.45.1.test.cjs,Shared Tests,Test,Regression test; domain inferred from test name when planning CI suites
tests/gallery-experience-v13.28.3.test.cjs,Shared Tests,Test,Regression test; domain inferred from test name when planning CI suites
tests/gallery-studio-v13.28.4.test.cjs,Shared Tests,Test,Regression test; domain inferred from test name when planning CI suites
tests/global-place-planning-dialog.test.cjs,Shared Tests,Test,Regression test; domain inferred from test name when planning CI suites
tests/guided-discovery-browser-harness.html,Shared Tests,Test,Regression test; domain inferred from test name when planning CI suites
tests/guided-discovery-integration.test.cjs,Shared Tests,Test,Regression test; domain inferred from test name when planning CI suites
tests/guided-discovery-preferences.test.cjs,Shared Tests,Test,Regression test; domain inferred from test name when planning CI suites
tests/guided-travel-canvas-focus-mode.test.cjs,Shared Tests,Test,Regression test; domain inferred from test name when planning CI suites
tests/journey-knowledge-graph.test.cjs,Shared Tests,Test,Regression test; domain inferred from test name when planning CI suites
tests/media-clustering-v13.28.1.test.cjs,Shared Tests,Test,Regression test; domain inferred from test name when planning CI suites
tests/media-readiness-v13.27.5.test.cjs,Shared Tests,Test,Regression test; domain inferred from test name when planning CI suites
tests/media-smart-photo-foundation-v13.28.0.test.cjs,Shared Tests,Test,Regression test; domain inferred from test name when planning CI suites
tests/memory-visual-system-v13.37.0.test.cjs,Shared Tests,Test,Regression test; domain inferred from test name when planning CI suites
tests/mobility-place-integration.test.cjs,Shared Tests,Test,Regression test; domain inferred from test name when planning CI suites
tests/move-domain-separation.test.cjs,Shared Tests,Test,Regression test; domain inferred from test name when planning CI suites
tests/move-no-timeline-v13.16.1.test.cjs,Shared Tests,Test,Regression test; domain inferred from test name when planning CI suites
tests/move-no-timeline-v13.16.2.test.cjs,Shared Tests,Test,Regression test; domain inferred from test name when planning CI suites
tests/nature-intelligence.test.cjs,Shared Tests,Test,Regression test; domain inferred from test name when planning CI suites
tests/nature-place-integration.test.cjs,Shared Tests,Test,Regression test; domain inferred from test name when planning CI suites
tests/photo-metadata-studio-v13.28.6.test.cjs,Shared Tests,Test,Regression test; domain inferred from test name when planning CI suites
tests/photo-spot-intelligence.test.cjs,Shared Tests,Test,Regression test; domain inferred from test name when planning CI suites
tests/place-architecture-regression.test.cjs,Shared Tests,Test,Regression test; domain inferred from test name when planning CI suites
tests/place-contract-bootstrap-resilience.test.cjs,Shared Tests,Test,Regression test; domain inferred from test name when planning CI suites
tests/place-detail-capability-routing.test.cjs,Shared Tests,Test,Regression test; domain inferred from test name when planning CI suites
tests/place-ui-refinement.test.cjs,Shared Tests,Test,Regression test; domain inferred from test name when planning CI suites
tests/places-core-reliability-v13.27.2.test.cjs,Shared Tests,Test,Regression test; domain inferred from test name when planning CI suites
tests/places-final-foundation-v13.26.0.test.cjs,Shared Tests,Test,Regression test; domain inferred from test name when planning CI suites
tests/places-foundation-reliability-v13.26.1.test.cjs,Shared Tests,Test,Regression test; domain inferred from test name when planning CI suites
tests/places-lifecycle-realtime-v13.27.1.test.cjs,Shared Tests,Test,Regression test; domain inferred from test name when planning CI suites
tests/places-lifecycle-v13.27.0.test.cjs,Shared Tests,Test,Regression test; domain inferred from test name when planning CI suites
tests/places-lifecycle-v13.27.3.test.cjs,Shared Tests,Test,Regression test; domain inferred from test name when planning CI suites
tests/planned-visits-conversational-discovery-v13.19.1.test.cjs,Shared Tests,Test,Regression test; domain inferred from test name when planning CI suites
tests/planning-deck-reliability-v13.24.1.test.cjs,Shared Tests,Test,Regression test; domain inferred from test name when planning CI suites
tests/planning-dialogue-reliability-v13.22.1.test.cjs,Shared Tests,Test,Regression test; domain inferred from test name when planning CI suites
tests/planning-dialogue-v13.22.0.test.cjs,Shared Tests,Test,Regression test; domain inferred from test name when planning CI suites
tests/planning-foundation-reset-v13.21.0.test.cjs,Shared Tests,Test,Regression test; domain inferred from test name when planning CI suites
tests/preference-database-migration.test.cjs,Shared Tests,Test,Regression test; domain inferred from test name when planning CI suites
tests/product-focus-navigation-v13.25.0.test.cjs,Shared Tests,Test,Regression test; domain inferred from test name when planning CI suites
tests/profile-preference-payload.test.cjs,Shared Tests,Test,Regression test; domain inferred from test name when planning CI suites
tests/release-version-consistency.test.cjs,Shared Tests,Test,Regression test; domain inferred from test name when planning CI suites
tests/shopping-intelligence.test.cjs,Shared Tests,Test,Regression test; domain inferred from test name when planning CI suites
tests/shopping-place-integration.test.cjs,Shared Tests,Test,Regression test; domain inferred from test name when planning CI suites
tests/transport-intelligence.test.cjs,Shared Tests,Test,Regression test; domain inferred from test name when planning CI suites
tests/universal-ai-orchestrator.test.cjs,Shared Tests,Test,Regression test; domain inferred from test name when planning CI suites
tests/user-preference-core.test.cjs,Shared Tests,Test,Regression test; domain inferred from test name when planning CI suites
tests/v13.50.0-booking-places.test.cjs,Shared Tests,Test,Regression test; domain inferred from test name when planning CI suites
tests/v13.51.0-booking-correlation-conversion.test.cjs,Shared Tests,Test,Regression test; domain inferred from test name when planning CI suites
tests/v13.52.0-booking-reconciliation-provider-return.test.cjs,Shared Tests,Test,Regression test; domain inferred from test name when planning CI suites
tests/v13.53.0-booking-return-orchestration-reconciliation-automation.test.cjs,Shared Tests,Test,Regression test; domain inferred from test name when planning CI suites
tests/v13.54.0-verified-provider-status-contracts-v1.test.cjs,Shared Tests,Test,Regression test; domain inferred from test name when planning CI suites
tests/v13.54.1-trusted-internal-status-bridge-fix.test.cjs,Shared Tests,Test,Regression test; domain inferred from test name when planning CI suites
tests/v13.54.2-verified-provider-transition-fix.test.cjs,Shared Tests,Test,Regression test; domain inferred from test name when planning CI suites
tests/v13.54.3-failed-status-signal-recovery-idempotent-retry.test.cjs,Shared Tests,Test,Regression test; domain inferred from test name when planning CI suites
tests/v13.54.4-atomic-status-signal-retry.test.cjs,Shared Tests,Test,Regression test; domain inferred from test name when planning CI suites
tests/v13.55.0-provider-return-booking-discovery-reliability.test.cjs,Shared Tests,Test,Regression test; domain inferred from test name when planning CI suites
tests/v13.56.0-provider-connection-places-category.test.cjs,Shared Tests,Test,Regression test; domain inferred from test name when planning CI suites
tests/v13.57.0-provider-activation-email-ownership.test.cjs,Shared Tests,Test,Regression test; domain inferred from test name when planning CI suites
tests/v13.58.0-provider-credential-live-probe.test.cjs,Shared Tests,Test,Regression test; domain inferred from test name when planning CI suites
tests/v13.59.0-provider-activation-orchestrator.test.cjs,Shared Tests,Test,Regression test; domain inferred from test name when planning CI suites
tests/v13.60.0-provider-secrets-admin-activation.test.cjs,Shared Tests,Test,Regression test; domain inferred from test name when planning CI suites
tests/v13.61.0-provider-availability-runtime.test.cjs,Shared Tests,Test,Regression test; domain inferred from test name when planning CI suites
tests/v13.61.1-provider-availability-runtime.test.cjs,Shared Tests,Test,Regression test; domain inferred from test name when planning CI suites
tests/v13.61.2-availability-client-shell-integration.test.cjs,Shared Tests,Test,Regression test; domain inferred from test name when planning CI suites
tests/v13.62.0-booking-reservation-create-runtime.test.cjs,Shared Tests,Test,Regression test; domain inferred from test name when planning CI suites
tests/v13.63.0-booking-reservation-mutation-runtime.test.cjs,Shared Tests,Test,Regression test; domain inferred from test name when planning CI suites
tests/v13.63.1-early-mutation-audit-fix.test.cjs,Shared Tests,Test,Regression test; domain inferred from test name when planning CI suites
tests/v13.64.0-booking-reservation-lifecycle-sync.test.cjs,Shared Tests,Test,Regression test; domain inferred from test name when planning CI suites
tests/v13.65.0-booking-reservation-recovery-reconciliation.test.cjs,Shared Tests,Test,Regression test; domain inferred from test name when planning CI suites
tests/v13.68.0-email-booking-v2.test.cjs,Shared Tests,Test,Regression test; domain inferred from test name when planning CI suites
tests/v13.68.1-email-recipient-validation-readiness-guard-fix.test.cjs,Shared Tests,Test,Regression test; domain inferred from test name when planning CI suites
tests/v13.68.10-multilingual-reply-classification-review-state.test.cjs,Shared Tests,Test,Regression test; domain inferred from test name when planning CI suites
tests/v13.68.11-delivery-event-auth-context-webhook-retry-idempotency.test.cjs,Shared Tests,Test,Regression test; domain inferred from test name when planning CI suites
tests/v13.68.2-email-send-expected-state-early-audit-fix.test.cjs,Shared Tests,Test,Regression test; domain inferred from test name when planning CI suites
tests/v13.68.3-email-verification-auth-context-fix.test.cjs,Shared Tests,Test,Regression test; domain inferred from test name when planning CI suites
tests/v13.68.4-contact-resolver-candidate-bridge.test.cjs,Shared Tests,Test,Regression test; domain inferred from test name when planning CI suites
tests/v13.68.5-placeholder-email-ranking.test.cjs,Shared Tests,Test,Regression test; domain inferred from test name when planning CI suites
tests/v13.68.6-auth-login-namespace-phase1.test.cjs,Shared Tests,Test,Regression test; domain inferred from test name when planning CI suites
tests/v13.68.7-public-entry-mount-contract.test.cjs,Shared Tests,Test,Regression test; domain inferred from test name when planning CI suites
tests/v13.68.8-app-bootstrap-render-guarantee.test.cjs,Shared Tests,Test,Regression test; domain inferred from test name when planning CI suites
tests/v13.68.9-inbound-intelligence-auth-trusted-sender.test.cjs,Shared Tests,Test,Regression test; domain inferred from test name when planning CI suites
tests/v13.69.0-attribution-core-monetization-foundation.test.cjs,Shared Tests,Test,Regression test; domain inferred from test name when planning CI suites
tests/v13.69.1-official-website-monetization-normalization.test.cjs,Shared Tests,Test,Regression test; domain inferred from test name when planning CI suites
tests/v13.70.0-conversion-runtime-commercial-event-ingestion.test.cjs,Shared Tests,Test,Regression test; domain inferred from test name when planning CI suites
tests/v13.70.1-conversion-runtime-view-migration-fix.test.cjs,Shared Tests,Test,Regression test; domain inferred from test name when planning CI suites
tests/v13.70.2-early-commercial-correlation-pending-replay.test.cjs,Shared Tests,Test,Regression test; domain inferred from test name when planning CI suites
tests/v13.71.0-production-commission-revenue-lifecycle.test.cjs,Shared Tests,Test,Regression test; domain inferred from test name when planning CI suites
tests/v13.72.0-booking-intelligence-provider-orchestration-diagnostics.test.cjs,Shared Tests,Test,Regression test; domain inferred from test name when planning CI suites
tests/v13.73.0-booking-decision-evidence-diagnostics-integrity.test.cjs,Shared Tests,Test,Regression test; domain inferred from test name when planning CI suites
tests/v13.74.0-runtime-provider-health-adaptive-booking-decisions.test.cjs,Shared Tests,Test,Regression test; domain inferred from test name when planning CI suites
tests/v13.75.0-adaptive-failover-decision-replay-orchestration-hardening.test.cjs,Shared Tests,Test,Regression test; domain inferred from test name when planning CI suites
tests/v13.76.0-control-center-global-product-module-foundation.test.cjs,Shared Tests,Test,Regression test; domain inferred from test name when planning CI suites
tests/v13.77.0-control-center-home-travel-identity.test.cjs,Shared Tests,Test,Regression test; domain inferred from test name when planning CI suites
tests/v13.78.0-booking-control-center-foundation.test.cjs,Shared Tests,Test,Regression test; domain inferred from test name when planning CI suites
tests/v13.78.0-product-module-regression.test.cjs,Shared Tests,Test,Regression test; domain inferred from test name when planning CI suites
tests/v13.79.0-booking-core-conversation-seam.test.cjs,Shared Tests,Test,Regression test; domain inferred from test name when planning CI suites
tests/v13.79.0-booking-inbox-conversations.test.cjs,Shared Tests,Test,Regression test; domain inferred from test name when planning CI suites
tests/v13.80.0-booking-actions-intelligence.test.cjs,Shared Tests,Test,Regression test; domain inferred from test name when planning CI suites
tests/v13.80.0-reply-safety-contract.test.cjs,Shared Tests,Test,Regression test; domain inferred from test name when planning CI suites
tests/v13.80.1-booking-inbox-composer-send-reliability.test.cjs,Shared Tests,Test,Regression test; domain inferred from test name when planning CI suites
tests/v13.80.2-reply-verification-mobile-inbox.test.cjs,Shared Tests,Test,Regression test; domain inferred from test name when planning CI suites
tests/v13.80.3-reply-sender-error-transparency.test.cjs,Shared Tests,Test,Regression test; domain inferred from test name when planning CI suites
tests/v13.81.0-booking-timeline-modify-cancel-conversation-lifecycle.test.cjs,Shared Tests,Test,Regression test; domain inferred from test name when planning CI suites
tests/v13.81.0-mutation-client-expected-error-bridge.test.cjs,Shared Tests,Test,Regression test; domain inferred from test name when planning CI suites
tests/v13.81.0-mutation-evidence-safety.test.cjs,Shared Tests,Test,Regression test; domain inferred from test name when planning CI suites
tests/v13.81.1-action-reliability-mobile-booking-drilldown.test.cjs,Shared Tests,Test,Regression test; domain inferred from test name when planning CI suites
tests/v13.81.2-mutation-state-fallback-mobile-action-safe-area.test.cjs,Shared Tests,Test,Regression test; domain inferred from test name when planning CI suites
tests/v13.81.3-booking-mutation-ux-contact-discovery-reliability.test.cjs,Shared Tests,Test,Regression test; domain inferred from test name when planning CI suites
tests/v13.81.3-contact-resolver-green-farmers-regression.test.cjs,Shared Tests,Test,Regression test; domain inferred from test name when planning CI suites
tests/v13.81.4-google-reserve-discovery-matrix.test.cjs,Shared Tests,Test,Regression test; domain inferred from test name when planning CI suites
tests/v13.81.4-green-farmers-mutation-bootstrap-regression.test.cjs,Shared Tests,Test,Regression test; domain inferred from test name when planning CI suites
tests/v13.81.4-mutation-thread-bootstrap-mobile-surface-fetch-hardening.test.cjs,Shared Tests,Test,Regression test; domain inferred from test name when planning CI suites
tests-match-score-v9.22.4.js,Shared Tests,Test,Regression test; domain inferred from test name when planning CI suites
tools/build-modules.py,Repository/Other,Asset/Other,Non-critical repository artifact
trip.html,Consumer/Root Legacy,Legacy/Shared,Root-level historical/product file; inspect before modification
ui.js,Consumer/Root Legacy,Legacy/Shared,Root-level historical/product file; inspect before modification
wrangler.jsonc,Platform/App Shell,Entry/Deploy,"Global entry, service worker or deployment configuration"
AGENTS.md,Platform,Documentation/Architecture,Repository-wide agent navigation and architecture boundary rules
ARCHITECTURE.md,Platform,Documentation/Architecture,Repository architecture overview and eight-stream model
config/luvia-cores.json,Platform,Architecture Registry,Machine-readable core ownership and boundary registry
config/luvia-streams.json,Platform,Architecture Registry,Machine-readable eight-stream topology registry
core/experience/AGENTS.md,Experience Core,Documentation/Foundation,Experience subtree rules; no domain truth or direct domain persistence
core/experience/README.md,Experience Core,Documentation/Foundation,Experience Core scope and target structure
core/intelligence/AGENTS.md,Intelligence,Documentation/Foundation,Intelligence subtree rules; Intelligence-specific state only
core/intelligence/README.md,Intelligence,Documentation/Foundation,Intelligence Core scope and classification-first migration
docs/architecture/CONTRACT-MAP.md,Platform,Documentation/Architecture,Public contract map and planned Intelligence contract boundary
docs/architecture/CORE-MAP.md,Platform,Documentation/Architecture,Core ownership and reserved-boundary map
docs/architecture/DEPENDENCY-RULES.md,Platform,Documentation/Architecture,Normative cross-core dependency rules
docs/architecture/MIGRATION-STATE.md,Platform,Documentation/Architecture,Current modularization and migration state
docs/architecture/STREAM-TOPOLOGY.md,Platform,Documentation/Architecture,Canonical eight-stream topology documentation
tests/m4.5.3-core-stream-registry.test.cjs,Platform,Test/Architecture,Architecture registry foundation regression
scripts/luvia-stream-registry.cjs,Platform,Tooling/Architecture,Reusable machine-readable stream registry loader
tests/m4.5.4-eight-stream-topology-guardrail.test.cjs,Platform,Test/Guardrail,Registry-aware eight-stream topology guardrail
tests/m4.5.4-core-boundary-guardrails.test.cjs,Platform,Test/Guardrail,Experience and Intelligence core-boundary guardrail
core/places/places-domain-contract-core.js,Places,Domain,Runtime-neutral Places v1 projections and canonical declarative category routing
app/adapters/platform-port-adapters.mjs,Platform/App Shell,Adapter/Web,Web implementations for formal Platform Ports
app/adapters/navigation-history-web-adapter.js,Platform/App Shell,Adapter/Web,M9.3 Web History URL Back/Forward projection for navigation.v1
app/adapters/places-discovery-adapter.js,Intelligence,Adapter/Web,Places discovery orchestration over public owner boundary; no Places truth
tests/m6-final-places-domain-native-readiness.test.cjs,Shared Tests,Test/Guardrail,M6 exit guard for browserless Places contracts routing ports and Trip boundary
tests/m7.1-media-acquisition-native-ports.test.cjs,Shared Tests,Test/Guardrail,M7.1 guard for Media acquisition ports and Gallery browser boundary
tests/m7.2-gallery-media-contract-adoption.test.cjs,Shared Tests,Test/Guardrail,M7.2 guard for Gallery public Media Contract adoption
tests/m7.3-memory-asset-contract-adoption.test.cjs,Shared Tests,Test/Guardrail,M7.3 guard for Memory Experience public Media asset delivery
tests/m7.4-remaining-media-consumer-contract-adoption.test.cjs,Shared Tests,Test/Guardrail,M7.4 guard for Smart Photo and AI Memory public Media Contract adoption
core/media/media-domain-contract-core.js,Media,Domain/Contract,Browserless Media entity projection Realtime projection and upload coordination rules
app/adapters/media-storage-web-adapter.mjs,Platform/Media,Adapter/Web,Web MediaStoragePort remote object storage and IndexedDB upload queue adapter
tests/m7-final-media-domain-native-readiness.test.cjs,Shared Tests,Test/Guardrail,M7 exit guard for browserless Media domain storage ports upload queue and Timeline reservation
core/identity/identity-domain-contract-core.js,Identity,Domain/Contract,Browserless Identity state projections explicit preference rules and write policy
core/events/event-contract-core.js,Platform/Events,Foundation/Contract,Browserless versioned cross-core event envelope and notification-intent policy
app/adapters/identity-platform-web-adapter.js,Platform/Identity,Adapter/Web,Web Storage SecureStorage AuthSession and Notification platform adapters
app/adapters/event-contract-web-adapter.js,Platform/Events,Adapter/Web,Web compatibility and Kernel bridge for events.v1 envelopes
app/control-center/identity-center.js,Consumer/Control Center,Experience,Visible Identity and Privacy Center over public contracts and Platform Ports
app/control-center/identity-center.css,Experience/Control Center,Experience,Responsive accessible visual system for Identity and Privacy Center
tests/m8-final-identity-event-native-readiness.test.cjs,Shared Tests,Test/Guardrail,M8 exit guard for Identity Event and platform-port boundaries
core/intelligence/intelligence-domain-contract-core.js,Intelligence,Domain/Contract,Browserless Intelligence capability policy validation signal proposal evidence and contract semantics
core/platform/intelligence-contract-adapter.js,Platform/Intelligence,Adapter/Web,Web compatibility binding for intelligence.v1 without foreign-domain mutation ownership
docs/modularization/PCR-M8.5-INTELLIGENCE-CONTRACT-FOUNDATION.md,Platform/Intelligence,Documentation/Architecture,M8.5 measured Intelligence baseline classification and cross-stream scope lock
tests/m8.5.0-intelligence-contract-platform-foundation.test.cjs,Shared Tests,Test/Guardrail,M8.5 Platform adapter foundation guard
tests/m8.5.1-intelligence-domain-contract-core.test.cjs,Shared Tests,Test/Guardrail,M8.5 browserless Intelligence owner-core guard
tests/m8.5.2-intelligence-contract-runtime-adoption.test.cjs,Shared Tests,Test/Guardrail,M8.5 runtime contract adoption and visible transparency guard
tests/m8.5-final-intelligence-core-isolation.test.cjs,Shared Tests,Test/Guardrail,M8.5 exit guard for browserless owner active contract consumer isolation and Journey reservation
core/runtime/navigation-contract-core.js,Platform,Shared Runtime,M9 browserless Navigation Contract route intent and mount semantics
core/runtime/navigation-history-policy-core.js,Platform,Shared Runtime,M9.3 browserless History projection policy consuming navigation.v1
docs/modularization/M9-APP-SHELL-RUNTIME-NAVIGATION-BASELINE.md,Platform,Documentation/Architecture,M9 measured App Shell Runtime and Navigation baseline scope lock
docs/modularization/PCR-M9.1-NAVIGATION-CONTRACT-FOUNDATION.md,Platform,Documentation/Architecture,M9.1 cross-stream Navigation Contract PCR
tests/m9.1-navigation-contract-foundation.test.cjs,Shared Tests,Test/Guardrail,M9.1 browserless Navigation Contract adapter Deep Link and load-order guard
tests/m9.3-navigation-history-policy-foundation.test.cjs,Shared Tests,Test/Guardrail,M9.3 browserless History policy Web adapter and Consumer adoption guard
core/runtime/runtime-signal-policy-core.js,Platform,Shared Runtime,M9.4 browserless Auth Lifecycle Network transition and resume policy
app/adapters/runtime-signal-web-adapter.js,Platform,Adapter/Web,M9.4 AuthSession Lifecycle Network Platform-Port binding
docs/modularization/PCR-M9.4-RUNTIME-SIGNALS-RESUME-COORDINATION.md,Platform,Documentation/Architecture,M9.4 measured runtime signal and resume scope lock
tests/m9.4-runtime-signals-resume-coordination.test.cjs,Shared Tests,Test/Guardrail,M9.4 browserless runtime signal load-order port and Consumer adoption guard
core/runtime/owner-flow-navigation-policy-core.js,Platform,Shared Runtime,M9.5 browserless Auth Join Booking navigation effect policy without Domain Truth
app/adapters/owner-flow-navigation-web-adapter.js,Platform,Adapter/Web,M9.5 Web binding through Navigation History and formal Platform Ports
docs/modularization/PCR-M9.5-OWNER-FLOW-NAVIGATION-CONVERGENCE.md,Platform,Documentation/Architecture,M9.5 measured owner-flow and legacy-shell scope lock
docs/modularization/RELEASE-NOTES-M9.5.md,Platform,Documentation/Release,M9.5 measured runtime release Production evidence and honest Auth-cycle residual
tests/m9.5-owner-flow-navigation-foundation.test.cjs,Shared Tests,Test/Guardrail,M9.5 Platform Auth Join Invite and legacy-shell reachability guard
tests/m9.5-consumer-owner-flow-adoption.test.cjs,Consumer/Shared Tests,Test/Guardrail,M9.5 Public Entry Booking surface and App Shell owner-flow adoption guard
tests/m9.5-booking-owner-flow-adoption.test.cjs,Booking/Shared Tests,Test/Guardrail,M9.5 Booking Handoff and engine URL boundary adoption guard
core/experience/experience-contract-core.js,Experience Core,Foundation/Contract,Browserless experience.v1 tokens components states motion accessibility and native mappings without Domain Truth
core/experience/experience-foundation.css,Experience Core,Experience/Web,Additive Web primitives and CSS custom-property projection styles for experience.v1
app/adapters/experience-web-adapter.js,Experience Core,Adapter/Web,Web CSS custom-property binding for experience.v1 without product or Domain Truth
docs/modularization/M10.5-EXPERIENCE-BASELINE-AND-SCOPE-LOCK.md,Experience Core,Documentation/Architecture,M10.5 measured token component state motion accessibility legacy and native baseline
docs/modularization/PCR-M10.5-EXPERIENCE-CONTRACT-PREMIUM-PILOT.md,Experience Core,Documentation/Architecture,M10.5 cross-stream Experience Contract Web adapter and premium AI pilot PCR
tests/m10.5-experience-contract-premium-pilot.test.cjs,Shared Tests,Test/Guardrail,M10.5 browserless Experience Contract native mapping Web adapter accessibility and visible pilot guard
docs/modularization/RELEASE-NOTES-M10.5.md,Experience Core,Documentation/Release,M10.5 Experience Contract premium AI surface gates deployment evidence and rollback
app/today/today-composition-core.js,Consumer,Application/Presentation Contract,M11 browserless Today view-model composition without Domain Truth or Journey ownership
app/today/today-experience.js,Consumer,Adapter/Web,M11 Web composition over read-only Trip travel identity attention Experience and NetworkPort projections
app/today/today-experience.css,Consumer/Experience,Experience,M11 premium responsive accessible Today surface consuming experience.v1 tokens
docs/modularization/M11-CONSUMER-TODAY-ATTENTION-BASELINE-AND-SCOPE-LOCK.md,Consumer,Documentation/Architecture,M11 measured Consumer estate ownership baseline and locked premium Today scope
docs/modularization/PCR-M11-PREMIUM-TODAY-ATTENTION-COMPOSITION.md,Consumer,Documentation/Architecture,M11 Consumer Today Attention and Journey-reservation PCR
tests/m11-premium-today-attention-composition.test.cjs,Consumer/Shared Tests,Test/Guardrail,M11 browserless composition ownership native readiness load order accessibility and Journey reservation guard
docs/modularization/RELEASE-NOTES-M11.md,Consumer,Documentation/Release,M11 premium Today Attention preview production acceptance provenance and rollback
core/journey/AGENTS.md,Journey,Repository Governance,Journey Day Graph ownership foreign-truth exclusion and native-readiness rules
core/journey/journey-domain-contract-core.js,Journey,Domain/Contract Core,Browserless journey.v1 Day Graph ordering conflict policy and owner provenance without persistence
core/platform/journey-contract-adapter.js,Journey/Platform,Adapter/Web,Public journey.v1 reads and commands over one legacy Web DB compatibility provider
app/journey/journey-day-composer.js,Journey/Consumer,Experience/Web,Visible responsive Day Composer over immutable journey.v1 projections and Overlay Host
app/journey/journey-suggestion-sheet.js,Consumer/Journey/Intelligence/Places/Trip,Adapter/Web,Owner-backed suggestion sheet with ephemeral cache and explicit Places confirmation
app/journey/journey-day-composer.css,Journey/Experience,Experience/Web,Premium responsive accessible Day Composer styles using Experience tokens
docs/modularization/contracts/journey.v1.json,Journey,Contract,Versioned public Journey reads commands events ownership and compatibility specification
docs/modularization/PCR-M12-JOURNEY-CORE-DAY-COMPOSER.md,Journey/Platform,Documentation/Architecture,M12 measured Journey ownership lock implementation scope rollback and release gates
tests/m12-journey-core-day-composer.test.cjs,Journey/Shared Tests,Test/Guardrail,M12 browserless core adapter runtime ownership consumer isolation accessibility and load-order guard
tests/fixtures/m12-journey-day-composer-browser.html,Journey/Shared Tests,Test/Fixture,Data-free browser fixture for desktop mobile conflict and Day Composer overlay acceptance
core/memory/AGENTS.md,Memory,Architecture,Memory Core ownership and Native First boundary instructions
core/memory/memory-domain-contract-core.js,Memory,Domain/Contract,Browserless Memory library selection story composition and transfer projection rules
core/platform/memory-contract-adapter.js,Platform/Memory,Adapter/Web,Public memory.v1 adapter over one legacy Memory DB and Realtime provider set plus media.v1 asset references
core/platform/memory-runtime-context-adapter.js,Platform/Memory,Adapter/Web,Memory Web runtime context through trip.v1 AuthSessionPort and Supabase service without private Media Core borrowing
docs/modularization/contracts/memory.v1.json,Memory,Contract,Machine-readable Memory public contract and ownership boundary
tests/m13.1-memory-core-contract-foundation.test.cjs,Memory/Shared Tests,Test/Guardrail,M13.1 browserless Memory truth library selection story lifecycle transfer projection adapter and registry guard
docs/modularization/PCR-M13-PREMIUM-MEMORIES-STORY-COMPOSITION.md,Memory/Platform,Documentation/Architecture,M13 measured Memory ownership lock platform foundation premium consumer scope rollback and release gates
app/memories/premium-memories-experience.js,Consumer/Memory Experience,Experience/Web,Premium Memories library selection and Story Composer over memory.v1 without domain truth
app/memories/premium-memories-experience.css,Experience/Consumer,Experience/Web,Responsive accessible Premium Memories and Story Composer presentation
tests/m13.2-premium-memories-experience.test.cjs,Consumer/Shared Tests,Test/Guardrail,M13.2 public-contract Experience App Shell load-order accessibility and Native First guard
tests/m14.1-app-shell-legacy-runtime-hardening.test.cjs,Consumer/Shared Tests,Test/Guardrail,M14 App Shell runtime asset loader and proof-based legacy retirement gate
tests/m14.2-ai-composer-keyboard-submit.test.cjs,Intelligence/Shared Tests,Test/Guardrail,M14 AI Composer visible submit keyboard IME and no-command-authority gate
tests/fixtures/m13-premium-memories-browser.html,Consumer/Shared Tests,Test/Fixture,Data-free desktop and mobile Premium Memories Story Composer browser acceptance fixture
tests/m14.3-ai-composer-viewport-reachability.test.cjs,Experience/Shared Tests,Test/Guardrail,M14.3 responsive accessible AI conversation viewport composer action and safe-area reachability guard
docs/modularization/M14-LEGACY-RETIREMENT-MANIFEST.md,Platform/Consumer/Experience,Documentation/Architecture,M14 proof-based legacy retirement recovery evidence retained compatibility exit gates and owner-first target structure
docs/modularization/PCR-M14-RUNTIME-CLARITY-CONVERSATIONAL-AI.md,Consumer/Intelligence/Experience,Documentation/Architecture,M14 ownership scope implementation acceptance rollback and core-boundary closeout
docs/modularization/RELEASE-NOTES-M14.md,Consumer/Intelligence/Experience,Documentation/Release,M14 runtime release Paris retirement conversational AI Preview Production and rollback evidence
docs/modularization/TEST-RESULTS-M14.md,Consumer/Intelligence/Experience,Documentation/Test Evidence,M14 automated provenance authenticated browser responsive reload and rejected-sample evidence
docs/modularization/RELEASE-NOTES-M13.md,Memory/Consumer/Platform,Documentation/Release,M13 Memory Core Premium Memories ownership Native First infrastructure and rollback release record
docs/modularization/TEST-RESULTS-M13.md,Memory/Consumer/Platform,Documentation/Test Evidence,M13 automated and local browser release candidate evidence with pending external gates
docs/modularization/RELEASE-NOTES-M12.md,Journey/Platform,Documentation/Release,M12 Journey Core Day Graph Day Composer preview production provenance and rollback
core/platform/booking-contract-adapter.js,Platform/Booking,Adapter/Web,Public booking.v1 adapter over the existing Booking owner runtime and verified owner-flow entry
docs/modularization/PCR-M15-ACTIONABLE-INTELLIGENCE-RICH-RESULTS.md,Platform/Intelligence/Experience,Documentation/Architecture,M15 measured actionable Intelligence rich-result owner-contract scope rollback and release gates
tests/m15.3-owner-contract-rich-card-adapters.test.cjs,Platform/Shared Tests,Test/Guardrail,M15 Places card-media and Booking owner-flow public adapter guard
core/intelligence/intelligence-action-contract-core.js,Intelligence,Domain/Action Contract,Browserless action effect confirmation rich-result receipt and owner-contract policy
core/ai/ai-action-runtime.js,Intelligence,Adapter/Web,M15 Web orchestration through public Places Booking Journey and Trip owner contracts only
docs/modularization/contracts/intelligence.actions.v1.json,Intelligence,Contract,Machine-readable M15 action IDs effects confirmations owner contracts and rich-result kinds
tests/m15.0-places-verified-dietary-filter-regression.test.cjs,Places/Shared Tests,Test/Guardrail,Verified dietary evidence and progressive result breadth regression
tests/m15.0b-places-progressive-breadth-runtime.test.cjs,Places/Shared Tests,Test/Guardrail,Bounded multi-query unique-candidate and expanded ranked result runtime regression
tests/m15.1-intelligence-action-contract-core.test.cjs,Intelligence/Shared Tests,Test/Guardrail,Browserless action registry immutability sanitization confirmation and receipt guard
tests/m15.2-booking-owner-chat-entry.test.cjs,Booking/Shared Tests,Test/Guardrail,Booking owner chat entry reuse and attribution route guard
tests/m15.4-intelligence-action-runtime.test.cjs,Intelligence/Shared Tests,Test/Guardrail,Public owner-contract action runtime and foreign-store isolation guard
tests/m15.5-actionable-ai-chat-rich-results.test.cjs,Intelligence/Shared Tests,Test/Guardrail,Rich Places Day Plan receipt and explicit user-gesture chat guard
tests/m15.6-actionable-ai-rich-result-experience.test.cjs,Experience/Shared Tests,Test/Guardrail,Responsive accessible rich-result cards motion and trip-accent semantics guard
tests/m15.7-booking-route-cors-acceptance.test.cjs,Booking/Shared Tests,Test/Guardrail,Request-scoped Production Integration immutable Preview and hostile-origin CORS guard
tests/m15.8-intelligence-day-intent-rich-result.test.cjs,Intelligence/Shared Tests,Test/Guardrail,Natural language day-planning intent routing into Journey Rich Results
docs/modularization/RELEASE-NOTES-M15.md,Platform/Intelligence/Booking/Places/Experience,Documentation/Release,M15 runtime release incidents infrastructure Preview Production rollback and provenance
docs/modularization/TEST-RESULTS-M15.md,Platform/Intelligence/Booking/Places/Experience,Documentation/Test Evidence,M15 automated Function byte privacy authenticated browser responsive and reload evidence
assets/brand/luvia-living-compass/README.md,Experience Core,Documentation/Brand Asset,Living Compass runtime vector use clear-space palette and layer rules
assets/brand/luvia-living-compass/primary.svg,Experience Core,Asset/Brand Vector,Living Compass large-format neutral Corporate vector master
assets/brand/luvia-living-compass/compact.svg,Experience Core,Asset/Brand Vector,Living Compass compact shadow-free vector for small sizes
assets/brand/luvia-living-compass/layers/face.svg,Experience Core,Asset/Animated Vector,Fixed Living Compass face layer
assets/brand/luvia-living-compass/layers/two-ended-needle.svg,Experience Core,Asset/Animated Vector,Sole rotatable Living Compass two-ended needle layer
assets/brand/luvia-living-compass/layers/hub.svg,Experience Core,Asset/Animated Vector,Fixed Living Compass hub layer
docs/modularization/PCR-M16.5E-LIVING-DESIGN-COMPASS-FOUNDATION.md,Experience Core,Documentation/Architecture,M16.5E active-Trip accent Compass vector motion haptic native mapping and rollback scope lock
tests/m16.5e-living-design-compass-foundation.test.cjs,Experience/Shared Tests,Test/Guardrail,Browserless active-Trip palette Compass assets needle-only motion haptic Web SwiftUI Compose guard
docs/modularization/PCR-M16.5F-SIGNED-IN-LIVING-PRODUCT-VERTICAL-SLICE.md,Consumer/Experience,Documentation/Architecture,M16.5F productive Signed-in Shell Today target navigation ownership scope and Platform release gate
tests/m16.5f-signed-in-living-product-vertical-slice.test.cjs,Consumer/Shared Tests,Test/Guardrail,Real Today target navigation central Intelligence Compass active-Trip responsive reduced-motion and private-owner boundary guard
docs/modularization/PCR-M16.5G-GLOBAL-LIVING-COMPASS-RELEASE.md,Platform/Experience,Documentation/Architecture,M16.5G global official Compass assets cache build provenance and preview scope lock
tests/m16.5g-global-living-compass-release.test.cjs,Platform/Experience Shared Tests,Test/Guardrail,Official root favicon PWA icons manifest runtime version cache and immutable historical-evidence guard
docs/modularization/PCR-M16.5H-ACCEPTED-LIVING-SHELL-ADOPTION.md,Consumer/Experience,Documentation/Architecture,M16.5H visually accepted productive shell adoption negative Integration evidence ownership release gates and rollback
tests/m16.5h-accepted-living-shell-adoption.test.cjs,Consumer/Shared Tests,Test/Guardrail,Accepted Living shell official layered Compass real owner projections responsive light surface and private-boundary guard
config/luvia-m16.5-visual-parity-contract.json,Experience Core,Configuration/Release Gate,Binding accepted-reference hashes complete surface matrix allowed runtime differences and no-substitution release lock
docs/modularization/M16.5-VISUAL-PARITY-AND-NO-SUBSTITUTION-GATE.md,Experience Core,Documentation/Architecture,Human-readable complete visual parity contract per-surface evidence requirements and Main Production lock
tests/m16.5i-visual-parity-no-substitution-gate.test.cjs,Experience/Shared Tests,Test/Guardrail,Accepted reference hash matrix mandatory surface gate and no-substitution release-lock guard
docs/modularization/PCR-M16.5J-ACCEPTED-LIVING-SHELL-RUNTIME-RELEASE.md,Platform/Experience,Documentation/Architecture,M16.5J immutable Integration release provenance visual lock infrastructure exclusion and rollback scope
tests/m16.5j-accepted-living-shell-runtime-release.test.cjs,Platform/Experience Shared Tests,Test/Release Guard,App Core cache entry accepted shell parity lock Safe Regression registration and ownership guard
docs/modularization/PCR-M16.5K-PLAN-COMPASS-PRODUCTIVE-ADOPTION.md,Consumer/Experience,Documentation/Architecture,M16.5K productive embedded Plan Compass brand-source flight eight directions responsive evidence release gate and rollback
tests/m16.5k-plan-compass-productive-adoption.test.cjs,Consumer/Shared Tests,Test/Guardrail,Official layered Plan Compass top-left brand flight native needle eight directions mobile no-scroll and public Places boundary guard
docs/modularization/PCR-M16.5L-PRODUCTIVE-PLAN-COMPASS-RUNTIME-RELEASE.md,Platform/Experience,Documentation/Architecture,M16.5L immutable Integration Plan Compass release provenance visual lock infrastructure exclusion and rollback scope
tests/m16.5l-productive-plan-compass-runtime-release.test.cjs,Platform/Experience Shared Tests,Test/Release Guard,App Core cache entry productive Plan Compass parity lock Safe Regression registration and ownership guard
docs/modularization/PCR-M16.5M-PLAN-COMPASS-NAVIGATION-ALIGNMENT.md,Platform/Experience,Documentation/Architecture,M16.5M responsive central navigation Compass alignment immutable Integration provenance release lock and rollback
tests/m16.5m-plan-compass-navigation-alignment.test.cjs,Platform/Experience Shared Tests,Test/Release Guard,Mobile five-column dock normal-flow Compass sizing cache version parity lock and ownership guard
tests/m16.5n-places-coordinate-projection-hardening.test.cjs,Places/Shared Tests,Test/Guardrail,M16.5N browserless complete finite WGS84 coordinate and provider location projection guard
docs/modularization/PCR-M16.5N-PLACES-COORDINATE-HARDENING.md,Places,Documentation/Architecture,M16.5N Places owner coordinate projection scope behavior tests and rollback evidence
app/places/places-spatial-composition-core.js,Consumer/Experience,Composition Core,Deterministic public places.v1 spatial result marker bounds and state projection without Domain Truth
app/places/places-spatial-experience.js,Consumer/Experience,Adapter/Web,Productive light Places search map results actions and public owner-contract orchestration
app/places/places-spatial-experience.css,Consumer/Experience,Presentation,Accepted light Corporate Places spatial stage responsive accessibility and reduced-motion styling
docs/modularization/PCR-M16.5O-PRODUCTIVE-PLACES-SPATIAL-EXPERIENCE.md,Consumer/Places/Experience,Documentation/Architecture,M16.5O productive Places spatial composition ownership coordinate integrity accessibility and rollback lock
tests/m16.5n-productive-places-spatial-experience.test.cjs,Consumer/Shared Tests,Test/Guardrail,Productive Places composition coordinate map owner-boundary responsive accessibility and cache guard
docs/modularization/PCR-M16.5P-PRODUCTIVE-PLACES-RUNTIME-RELEASE.md,Platform/Places/Experience,Documentation/Architecture,M16.5P Integration runtime release provenance Productive Places acceptance rollback and Main Production lock
tests/m16.5p-productive-places-runtime-release.test.cjs,Platform/Places/Experience Shared Tests,Test/Release Guard,App Core cache MapLibre Places owner composition Safe Regression registration and visual parity lock
tests/fixtures/m16.5q-living-compass-recovery-browser.html,Consumer/Shared Tests,Test/Fixture,Productive App Shell and Living Compass browser harness for real pointer touch keyboard reload and history recovery evidence
tests/m16.5q-living-compass-recovery-e2e.cjs,Consumer/Shared Tests,Test/E2E,Real Edge pointer touch hover keyboard reload browser history reduced motion and compact viewport recovery regression
tests/m16.5q-living-compass-recovery-release.test.cjs,Platform/Experience Shared Tests,Test/Release Guard,Integration release cache Service Worker Compass contexts exact routing cleanup and Places map recovery lock
tests/m16.5q-pwa-cache-recovery-e2e.cjs,Platform/Experience Shared Tests,Test/E2E,Real Edge stale cache pruning active Service Worker cache and offline reload recovery evidence
docs/modularization/PCR-M16.5Q-LIVING-COMPASS-INTEGRATION-RECOVERY.md,Platform/Consumer/Places/Experience,Documentation/Architecture,M16.5Q revoked acceptance evidence root causes public visible E2E deployment provenance open scope and rollback
docs/modularization/M16.5-DESIGN-INTEGRATION-AND-FEATURE-PRODUCTIZATION-PLAN.md,Consumer/Experience/Platform,Documentation/Architecture,Binding M16.5 vertical productization sequence status vocabulary Definition of Done release gates and Design Freeze lock
docs/modularization/M16.5-PRODUCT-SURFACE-MATRIX.csv,Consumer/Experience/Domain Owners,Documentation/Architecture,Live M16.5 surface delivery evidence priority and acceptance ledger
docs/modularization/M16.5-CORE-OWNER-MATRIX.csv,All Core Owner Streams,Documentation/Architecture,M16.5 productization ownership public-boundary and forbidden-shortcut ledger
tests/m16.5-productization-plan.test.cjs,Consumer/Experience/Platform,Test/Guardrail,Static lock for the M16.5 vertical sequence surface statuses owner matrix and Main Production freeze
tests/fixtures/m16.5r-places-continuity-browser.html,Consumer/Shared Tests,Test/Fixture,Owner-backed six-result horizontal Places rail map and delayed detail continuity browser fixture
tests/m16.5r-places-detail-continuity-e2e.cjs,Consumer/Shared Tests,Test/E2E,Real Edge pointer regression for later-result selection rail map focus async detail and close continuity
tests/m16.5r-places-detail-continuity-release.test.cjs,Consumer/Places/Experience,Test/Guardrail,Static M16.5R runtime cache continuity evidence ownership release lock and rollback gate
docs/modularization/PCR-M16.5R-PLACES-DETAIL-CONTINUITY.md,Consumer/Places/Experience,Documentation/Architecture,M16.5R reproduced rail reset root cause local correction evidence open public gates and rollback
docs/modularization/M16.5S-LANDING-AUTH-BASELINE-AND-SCOPE-LOCK.md,Consumer/Identity/Experience/Platform,Documentation/Architecture,Binding accepted Landing reference productive Auth baseline 23-state matrix ownership implementation gates and rollback lock
tests/m16.5s-landing-auth-scope-lock.test.cjs,Consumer/Identity/Experience/Platform Shared Tests,Test/Guardrail,Pinned Landing reference hashes real Auth owner capabilities mandatory states no-substitution and Main Production lock
app/profile-onboarding.js,Consumer/Identity/Experience,Adapter/Web,Seven-stage Identity-owned Profile and global Reisekompass onboarding without Trip truth
app/profile-onboarding.css,Consumer/Identity/Experience,Presentation,Accepted travel-led responsive Profile onboarding composition motion accessibility and hidden-scrollbar styling
tests/fixtures/m16.5y-profile-onboarding-browser.html,Consumer/Identity/Experience Shared Tests,Test/Fixture,Owner-backed Profile onboarding visible browser fixture for pointer keyboard responsive reload and Reduced Motion evidence
tests/m16.5y-identity-compass-onboarding.test.cjs,Consumer/Identity/Experience/Platform Shared Tests,Test/Guardrail,Identity owner command Profile Trip separation App Shell gate cache responsive and release lock
docs/modularization/PCR-M16.5Y-IDENTITY-COMPASS-ONBOARDING.md,Consumer/Identity/Experience/Platform,Documentation/Architecture,M16.5Y profile onboarding scope owner boundary state evidence public release and rollback ledger
app/first-trip-composer.js,Consumer/Trip/Places/Experience,Adapter/Web,Nine-stage First Trip composition using Trip owner commands Places public destination reads and StoragePort draft recovery
app/first-trip-composer.css,Consumer/Trip/Experience,Presentation,Responsive Compass-led First Trip composition hidden-scrollbar motion touch keyboard and Reduced Motion styling
tests/fixtures/m16.5z-first-trip-composer-browser.html,Consumer/Trip/Places/Experience Shared Tests,Test/Fixture,Owner-backed deterministic First Trip visible browser fixture for pointer touch keyboard reload history and Reduced Motion evidence
tests/m16.5z-first-trip-composer.test.cjs,Trip/Places/Consumer/Platform Shared Tests,Test/Guardrail,First Trip ownership idempotency canonical destination profile separation cache route and release lock
docs/modularization/PCR-M16.5Z-FIRST-TRIP-COMPOSER.md,Trip/Places/Consumer/Experience/Platform,Documentation/Architecture,M16.5Z scope owner boundaries local and public evidence explicit deferred weighting collaboration handoff and rollback ledger
core/intelligence/trip-preference-resolution-core.js,Intelligence Domain,Domain/Contract,Browserless non-persisted Profile plus Trip resolution and deterministic consumer ranking core
tests/fixtures/m16.5aa-preference-places-browser.html,Intelligence/Identity/Trip/Places/Consumer Shared Tests,Test/Fixture,Real Places result surface fixture with public derived preference resolution for visible pointer touch keyboard and responsive evidence
tests/m16.5aa-preference-resolution-places.test.cjs,Intelligence/Identity/Trip/Places Shared Tests,Test/Guardrail,Derived preference ownership hard constraints trip weighting mutation safety visible Places projection and release asset guard
docs/modularization/PCR-M16.5AA-PREFERENCE-RESOLUTION-PLACES.md,Intelligence/Identity/Trip/Places/Consumer/Platform,Documentation/Architecture,M16.5AA additive shared resolver Places first-adopter evidence rollout and rollback ledger
app/adapters/trip-preference-context-adapter.js,Consumer/Identity/Trip/Journey/Intelligence/Platform,Adapter/Web,Read-only shared preference and active-Trip context plus ephemeral Today-to-Places proposal handoff without copied Domain Truth
tests/m16.5ab-today-plan-places-wave-c.test.cjs,Consumer/Journey/Intelligence/Places/Trip Shared Tests,Test/Guardrail,Journey open-gap derivation Today explainable proposal explicit confirmation productive Places weighting cache and release guard
docs/modularization/PCR-M16.5AB-TODAY-PLAN-PLACES-WAVE-C.md,Consumer/Journey/Intelligence/Places/Trip/Experience/Platform,Documentation/Architecture,M16.5AB owner boundaries visible Today Journey Places flow confirmation rule evidence rollout and rollback ledger
app/luvia-runtime-loader.mjs,Platform Runtime,Adapter/Web,Physical split-runtime loader with Trip Context ordering boundary and immutable build query
app/luvia-runtime-precontext-13.82.121.bundle.js,Platform Runtime,Generated Runtime,Immutable pre-Trip-Context runtime bundle generated from the committed manifest
app/luvia-runtime-postcontext-13.82.121.bundle.js,Platform Runtime,Generated Runtime,Immutable post-Trip-Context runtime bundle generated from the committed manifest
app/luvia-runtime.bundle.manifest.json,Platform Runtime,Generated Manifest,Ordered source provenance for the immutable split runtime
scripts/build-runtime-bundle.cjs,Platform Runtime,Build Tool,Deterministic split-runtime builder and source manifest generator
scripts/luvia-local-server.cjs,Platform Runtime,Development Tool,Local static server with explicit module MIME and SPA fallback boundary
vendor/maplibre/maplibre-gl-5.12.0.css,Platform/Places,Vendor Asset,Pinned MapLibre presentation runtime for productive Places geographic projection
vendor/maplibre/maplibre-gl-5.12.0.js,Platform/Places,Vendor Asset,Pinned MapLibre browser runtime for owner-projected finite WGS84 coordinates
vendor/supabase/supabase-2.112.4.js,Platform/Identity,Vendor Asset,Pinned existing Supabase browser client kept outside the generated runtime split
assets/place-evidence/ATTRIBUTIONS.md,Places/Consumer,Asset Provenance,Source attribution ledger for the finite accepted Place evidence photographs
assets/place-evidence/cafe-de-flore-arnaud25.jpg,Places/Consumer,Verified Asset,Attributed Place evidence image; no provider fact or event truth
assets/place-evidence/jardin-du-luxembourg-aconcagua.jpg,Places/Consumer,Verified Asset,Attributed Place evidence image; no provider fact or event truth
assets/place-evidence/musee-vie-romantique-discoa340.jpg,Places/Consumer,Verified Asset,Attributed Place evidence image; no provider fact or event truth
core/intelligence/travel-orchestration-core.js,Intelligence Domain,Domain/Orchestration Contract,Browserless multi-intent compiler with owner routing conflict missing-input offline privacy and no-mutation policies
core/intelligence/verified-event-intelligence-core.js,Intelligence Domain,Domain/Verified Event Read Model,Browserless source freshness provenance graph brush context serendipity group weather drift and reconciliation projections with zero synthetic events
core/platform/verified-event-intelligence-contract-adapter.js,Intelligence/Platform Shared,Contract Adapter,Public read-only intelligence.verified-events.v1 adapter with optional source gateway no mutation commands and honest provider-unavailable state
core/journey/journey-resilience-core.js,Journey Domain,Domain/Resilience Contract,Browserless owner-first disruption uncertainty planning-trace offline-pack and group-decision policy foundation
docs/modularization/M16.5-STEP16-OWNER-FIRST-USP-AND-EVENT-BACKLOG.md,All Core Owner Streams,Documentation/Architecture,Owner-first USP and Verified Event Intelligence contracts I/O freshness privacy failures receipts evals and rollback slices without implementation claim
docs/modularization/M16.5-STEP17-E2E-MATRIX.md,Consumer/Experience/Platform Shared Evidence,Documentation/Acceptance,Visible Desktop Mobile pointer keyboard reload Back motion offline GPS group provider and byte-evidence matrix with honest open gates
docs/modularization/M16.5AB-RECOVERY-TRUTH-LEDGER.md,All Core Owner Streams,Documentation/Truth Ledger,Stable eighteen-step Recovery status counterevidence public proof and release boundary ledger
tests/m16.5-step15-global-ai-chat-and-step16-backlog.test.cjs,Intelligence/Experience/All Owners Shared Tests,Test/Guardrail,Accepted global AI surface multi-intent owner protocol no-substitution and complete USP backlog decomposition guard
tests/m16.5-step16-verified-event-intelligence.test.cjs,Intelligence/Places/Journey/Memory/Collaboration Shared Tests,Test/Guardrail,S16.09-S16.12 minimum evidence no-invention map-time graph cultural serendipity memory group weather drift reconciliation and public adapter boundary
docs/modularization/M16.5-AI-MUTATION-COVERAGE-MATRIX.md,All Core Owner Streams,Documentation/Acceptance,Exhaustive executable AI action and open owner-productization coverage with public CUA status rollback boundary and no-completion honesty
tests/m16.5ab-auth-first-paint-background-user-refresh.test.cjs,Identity/Platform Shared Tests,Test/Guardrail,Stable signed-in first paint with background owner refresh and no shell substitution
tests/m16.5ab-fast-preference-provider-first-paint.test.cjs,Identity/Trip/Places/Platform Shared Tests,Test/Guardrail,Fast local preference projection provider refresh and first-paint continuity
tests/m16.5ab-gps-confirmation-timeline-boundary.test.cjs,Journey/Places/Platform Shared Tests,Test/Guardrail,Explicit GPS-derived presence confirmation denial reload distance-reference and raw-position privacy boundary
tests/m16.5ab-intelligence-travel-orchestration.test.cjs,Intelligence/All Owners Shared Tests,Test/Guardrail,Complex German multi-intent conflict missing-input offline forbidden-command and no-owner-mutation eval
tests/m16.5ab-journey-offline-day-pack.test.cjs,Journey/Platform Shared Tests,Test/Guardrail,Explicit offline day-pack create reload remove receipt and non-fabricated map/provider boundary
tests/m16.5ab-journey-place-group-decision-policy.test.cjs,Journey/Collaboration/Places Shared Tests,Test/Guardrail,Multi-participant proposal majority deadline and unavailable-Collaboration-owner blocking policy
tests/m16.5ab-journey-resilience-foundation.test.cjs,Journey/All Owners Shared Tests,Test/Guardrail,Owner-first uncertainty disruption planning-trace feedback context and recovery foundation
tests/m16.5ab-local-server-module-mime.test.cjs,Platform Runtime Shared Tests,Test/Guardrail,Local JavaScript-module MIME and runtime-loader delivery boundary
tests/m16.5ab-place-intelligence-evidence-boundary.test.cjs,Places/Intelligence Shared Tests,Test/Guardrail,Verified finite provider evidence personal scoring coverage and no-fabrication boundary
tests/m16.5ab-today-stable-first-paint.test.cjs,Consumer/Journey/Platform Shared Tests,Test/Guardrail,Stable Today hero weather memory and Trip projection across first paint and owner refresh
